dataset,model,train_r2,test_r2
1028_SWD,LinearRegression(),0.38384869946965117,0.36439092211512913
1028_SWD,"Lasso(alpha=0.01, max_iter=10000)",0.3811511911422073,0.376313989140586
1028_SWD,"Lasso(alpha=0.05, max_iter=10000)",0.35701921701140615,0.34782459114352926
1028_SWD,"Lasso(alpha=0.2, max_iter=10000)",0.22767950699938178,0.213345642030067
1028_SWD,DecisionTreeRegressor(max_depth=1),0.24563545172929058,0.2073299813849404
1028_SWD,DecisionTreeRegressor(max_depth=2),0.32986471037716136,0.226069516370358
1028_SWD,DecisionTreeRegressor(max_depth=4),0.4808032519964628,0.24456530837682366
1028_SWD,DecisionTreeRegressor(max_depth=6),0.6123315232864072,0.20960210547107339
1028_SWD,RandomForestRegressor(),0.654513827273612,0.29419010512673116
1028_SWD,RandomForestRegressor(n_estimators=50),0.6527629413236589,0.286033568328134
1028_SWD,RandomForestRegressor(n_estimators=25),0.6518272117020336,0.26671083330206746
1028_SWD,GradientBoostingRegressor(),0.6129638264213841,0.3259233483531694
1028_SWD,GradientBoostingRegressor(n_estimators=50),0.5728295418780263,0.3582028422999586
1028_SWD,GradientBoostingRegressor(n_estimators=25),0.5177112956877286,0.3691768501902839
1029_LEV,LinearRegression(),0.6298355218254531,0.5335576803885904
1029_LEV,"Lasso(alpha=0.01, max_iter=10000)",0.6295777535470647,0.5355930158541442
1029_LEV,"Lasso(alpha=0.05, max_iter=10000)",0.6233914430668701,0.5378093349340977
1029_LEV,"Lasso(alpha=0.2, max_iter=10000)",0.5267306462871757,0.4616899280588924
1029_LEV,DecisionTreeRegressor(max_depth=1),0.3042269642711145,0.23959163018359408
1029_LEV,DecisionTreeRegressor(max_depth=2),0.38888018987202155,0.3023936660542219
1029_LEV,DecisionTreeRegressor(max_depth=4),0.5815098396114661,0.3861166518504362
1029_LEV,DecisionTreeRegressor(max_depth=6),0.7042904243285324,0.4336118496665119
1029_LEV,RandomForestRegressor(),0.7558608716988974,0.44805845734925276
1029_LEV,RandomForestRegressor(n_estimators=50),0.7564649851540489,0.4346792554408765
1029_LEV,RandomForestRegressor(n_estimators=25),0.7541460201749344,0.4382917746667273
1029_LEV,GradientBoostingRegressor(),0.7371884581891714,0.476854553221975
1029_LEV,GradientBoostingRegressor(n_estimators=50),0.7162454839868044,0.5087662637983408
1029_LEV,GradientBoostingRegressor(n_estimators=25),0.669757715717455,0.5044386555832963
1030_ERA,LinearRegression(),0.3259186071740966,0.38760949276352197
1030_ERA,"Lasso(alpha=0.01, max_iter=10000)",0.3259103414012121,0.3874079799635324
1030_ERA,"Lasso(alpha=0.05, max_iter=10000)",0.3257119362393106,0.386435183130054
1030_ERA,"Lasso(alpha=0.2, max_iter=10000)",0.322611792294347,0.3804043740379125
1030_ERA,DecisionTreeRegressor(max_depth=1),0.17126073267966158,0.1891956723013839
1030_ERA,DecisionTreeRegressor(max_depth=2),0.28116814742387053,0.308662284940722
1030_ERA,DecisionTreeRegressor(max_depth=4),0.3866732283744563,0.35015247812542083
1030_ERA,DecisionTreeRegressor(max_depth=6),0.42698530684585745,0.30935465336035606
1030_ERA,RandomForestRegressor(),0.43194881566606613,0.31498376077392987
1030_ERA,RandomForestRegressor(n_estimators=50),0.4288954967082703,0.2849955362677483
1030_ERA,RandomForestRegressor(n_estimators=25),0.42873543409804993,0.2833082095951721
1030_ERA,GradientBoostingRegressor(),0.43190170860220534,0.31532402653100566
1030_ERA,GradientBoostingRegressor(n_estimators=50),0.42503090982881075,0.3352046597459448
1030_ERA,GradientBoostingRegressor(n_estimators=25),0.4022392546199478,0.35389951596844715
1193_BNG_lowbwt,LinearRegression(),0.6014266549726605,0.5574032377108616
1193_BNG_lowbwt,"Lasso(alpha=0.01, max_iter=10000)",0.6014266491289693,0.5574078890437709
1193_BNG_lowbwt,"Lasso(alpha=0.05, max_iter=10000)",0.6014265088874012,0.5574263718707975
1193_BNG_lowbwt,"Lasso(alpha=0.2, max_iter=10000)",0.6014243174889669,0.5574939542804705
1193_BNG_lowbwt,DecisionTreeRegressor(max_depth=1),0.5437964383556344,0.5380172044905052
1193_BNG_lowbwt,DecisionTreeRegressor(max_depth=2),0.57519994239482,0.5475219577552508
1193_BNG_lowbwt,DecisionTreeRegressor(max_depth=4),0.6713406591463279,0.4714042144663476
1193_BNG_lowbwt,DecisionTreeRegressor(max_depth=6),0.7710695742451885,0.37146341038462627
1193_BNG_lowbwt,RandomForestRegressor(),0.9321022011937459,0.5324311225103504
1193_BNG_lowbwt,RandomForestRegressor(n_estimators=50),0.9348248194700985,0.5232577370556539
1193_BNG_lowbwt,RandomForestRegressor(n_estimators=25),0.9222340273479703,0.5131068038321088
1193_BNG_lowbwt,GradientBoostingRegressor(),0.8776012551953734,0.49024978503282
1193_BNG_lowbwt,GradientBoostingRegressor(n_estimators=50),0.7908327859361752,0.5242636319939291
1193_BNG_lowbwt,GradientBoostingRegressor(n_estimators=25),0.7037134755728764,0.541155061532665
1196_BNG_pharynx,LinearRegression(),0.5242403585098148,0.40666847590650734
1196_BNG_pharynx,"Lasso(alpha=0.01, max_iter=10000)",0.5242403463061902,0.4066876818745
1196_BNG_pharynx,"Lasso(alpha=0.05, max_iter=10000)",0.5242400550407824,0.4067646635584339
1196_BNG_pharynx,"Lasso(alpha=0.2, max_iter=10000)",0.5242355077223125,0.4070493708656271
1196_BNG_pharynx,DecisionTreeRegressor(max_depth=1),0.47206640712661296,0.3686180462249209
1196_BNG_pharynx,DecisionTreeRegressor(max_depth=2),0.5300891652584453,0.37271470254067884
1196_BNG_pharynx,DecisionTreeRegressor(max_depth=4),0.6796872775443243,0.22395633601778664
1196_BNG_pharynx,DecisionTreeRegressor(max_depth=6),0.8404542762668641,0.06192809967852253
1196_BNG_pharynx,RandomForestRegressor(),0.9267073288095483,0.3814955394141024
1196_BNG_pharynx,RandomForestRegressor(n_estimators=50),0.9298131299476935,0.39141729182630036
1196_BNG_pharynx,RandomForestRegressor(n_estimators=25),0.9205295196682409,0.33869544190384393
1196_BNG_pharynx,GradientBoostingRegressor(),0.8672058258168989,0.3782983553805661
1196_BNG_pharynx,GradientBoostingRegressor(n_estimators=50),0.7843251398011288,0.4080456923131822
1196_BNG_pharynx,GradientBoostingRegressor(n_estimators=25),0.7010636181529262,0.42397461818790705
1199_BNG_echoMonths,LinearRegression(),0.45140980062482094,0.41204566721283387
1199_BNG_echoMonths,"Lasso(alpha=0.01, max_iter=10000)",0.45136562423292603,0.4127977834763453
1199_BNG_echoMonths,"Lasso(alpha=0.05, max_iter=10000)",0.45113105943448795,0.4148305137618772
1199_BNG_echoMonths,"Lasso(alpha=0.2, max_iter=10000)",0.44833684988505473,0.4190939509289031
1199_BNG_echoMonths,DecisionTreeRegressor(max_depth=1),0.37903298951168407,0.39634289860718075
1199_BNG_echoMonths,DecisionTreeRegressor(max_depth=2),0.44754496088070383,0.35709583697894565
1199_BNG_echoMonths,DecisionTreeRegressor(max_depth=4),0.5885315137802166,0.20504638577002898
1199_BNG_echoMonths,DecisionTreeRegressor(max_depth=6),0.7391078859069826,0.07815907472304662
1199_BNG_echoMonths,RandomForestRegressor(),0.91045880634423,0.3584545365117543
1199_BNG_echoMonths,RandomForestRegressor(n_estimators=50),0.9177550494887083,0.33988782890851654
1199_BNG_echoMonths,RandomForestRegressor(n_estimators=25),0.9076686950029885,0.3485146215881356
1199_BNG_echoMonths,GradientBoostingRegressor(),0.8661569907257367,0.3268258891247241
1199_BNG_echoMonths,GradientBoostingRegressor(n_estimators=50),0.7395844272882934,0.3730499045953748
1199_BNG_echoMonths,GradientBoostingRegressor(n_estimators=25),0.6397638924602063,0.39459003120146785
1201_BNG_breastTumor,LinearRegression(),0.0637154309026452,0.013661278464754734
1201_BNG_breastTumor,"Lasso(alpha=0.01, max_iter=10000)",0.0636914218197655,0.014683786348904215
1201_BNG_breastTumor,"Lasso(alpha=0.05, max_iter=10000)",0.06313263639967925,0.01822702085125616
1201_BNG_breastTumor,"Lasso(alpha=0.2, max_iter=10000)",0.05596741862870158,0.023989430018118818
1201_BNG_breastTumor,DecisionTreeRegressor(max_depth=1),0.04559052794039353,0.03819837329540354
1201_BNG_breastTumor,DecisionTreeRegressor(max_depth=2),0.11121591477916182,-0.0063188881605964475
1201_BNG_breastTumor,DecisionTreeRegressor(max_depth=4),0.2707068556727631,-0.10541220903208925
1201_BNG_breastTumor,DecisionTreeRegressor(max_depth=6),0.47384453887378486,-0.44099344562591125
1201_BNG_breastTumor,RandomForestRegressor(),0.8459264637390087,-0.037377463887427576
1201_BNG_breastTumor,RandomForestRegressor(n_estimators=50),0.8479769069156052,-0.041175988676195985
1201_BNG_breastTumor,RandomForestRegressor(n_estimators=25),0.8380171035289988,-0.06300351516635438
1201_BNG_breastTumor,GradientBoostingRegressor(),0.7202599475942493,-0.07324786578219822
1201_BNG_breastTumor,GradientBoostingRegressor(n_estimators=50),0.5458529941882141,-0.006149931927069918
1201_BNG_breastTumor,GradientBoostingRegressor(n_estimators=25),0.3975371326553099,0.04011435705936017
1203_BNG_pwLinear,LinearRegression(),0.5572891040705883,0.5111876234896651
1203_BNG_pwLinear,"Lasso(alpha=0.01, max_iter=10000)",0.5571904236347247,0.5105542142301005
1203_BNG_pwLinear,"Lasso(alpha=0.05, max_iter=10000)",0.5550369638855438,0.5063386152684843
1203_BNG_pwLinear,"Lasso(alpha=0.2, max_iter=10000)",0.5301227687710802,0.4774624736740878
1203_BNG_pwLinear,DecisionTreeRegressor(max_depth=1),0.4535115111930783,0.39630262383635617
1203_BNG_pwLinear,DecisionTreeRegressor(max_depth=2),0.5508532760132174,0.4764509418986944
1203_BNG_pwLinear,DecisionTreeRegressor(max_depth=4),0.6711135122565655,0.5294799846808897
1203_BNG_pwLinear,DecisionTreeRegressor(max_depth=6),0.8157232000804504,0.4174932823140194
1203_BNG_pwLinear,RandomForestRegressor(),0.9300290503324877,0.5410097852661486
1203_BNG_pwLinear,RandomForestRegressor(n_estimators=50),0.9342394592972318,0.540396860963207
1203_BNG_pwLinear,RandomForestRegressor(n_estimators=25),0.9223162549898871,0.5298551275909565
1203_BNG_pwLinear,GradientBoostingRegressor(),0.8166695027248869,0.5259208889737692
1203_BNG_pwLinear,GradientBoostingRegressor(n_estimators=50),0.7546103206441697,0.5490656571237443
1203_BNG_pwLinear,GradientBoostingRegressor(n_estimators=25),0.6915976518334186,0.5458882889641447
1595_poker,LinearRegression(),0.07716377745839864,-0.11193210035682144
1595_poker,"Lasso(alpha=0.01, max_iter=10000)",0.0764814805171582,-0.0935178638259897
1595_poker,"Lasso(alpha=0.05, max_iter=10000)",0.062424192940731094,-0.03950777769418523
1595_poker,"Lasso(alpha=0.2, max_iter=10000)",0.0024607302517917207,-0.001092232695586226
1595_poker,DecisionTreeRegressor(max_depth=1),0.02466433546288349,-0.030948634806974296
1595_poker,DecisionTreeRegressor(max_depth=2),0.06497253796680424,-0.07685631030481654
1595_poker,DecisionTreeRegressor(max_depth=4),0.3020234193939779,-0.4632257008316458
1595_poker,DecisionTreeRegressor(max_depth=6),0.6605123974902436,-1.0425439949493711
1595_poker,RandomForestRegressor(),0.8536848060344827,-0.07008686397311936
1595_poker,RandomForestRegressor(n_estimators=50),0.8446400862068966,-0.0996136512170025
1595_poker,RandomForestRegressor(n_estimators=25),0.8455862068965517,-0.10414040592628804
1595_poker,GradientBoostingRegressor(),0.706258401871648,-0.18460331393425178
1595_poker,GradientBoostingRegressor(n_estimators=50),0.497174415892664,-0.10903561025825104
1595_poker,GradientBoostingRegressor(n_estimators=25),0.3749981468943332,-0.06797522025956981
215_2dplanes,LinearRegression(),0.7489747257848018,0.6624470496064573
215_2dplanes,"Lasso(alpha=0.01, max_iter=10000)",0.7488857160248183,0.663137263935468
215_2dplanes,"Lasso(alpha=0.05, max_iter=10000)",0.7467503928695061,0.6639371120738091
215_2dplanes,"Lasso(alpha=0.2, max_iter=10000)",0.7175682023274461,0.644533976839417
215_2dplanes,DecisionTreeRegressor(max_depth=1),0.40376739640432635,0.4521111887069841
215_2dplanes,DecisionTreeRegressor(max_depth=2),0.6866630897758712,0.6888715712048172
215_2dplanes,DecisionTreeRegressor(max_depth=4),0.9017028314497006,0.88715000858678
215_2dplanes,DecisionTreeRegressor(max_depth=6),0.9665973917743443,0.8838858712194217
215_2dplanes,RandomForestRegressor(),0.9863783069390282,0.9185610740670982
215_2dplanes,RandomForestRegressor(n_estimators=50),0.9857350878978098,0.9189364855258269
215_2dplanes,RandomForestRegressor(n_estimators=25),0.9851675840377073,0.917668726429446
215_2dplanes,GradientBoostingRegressor(),0.9670258442905152,0.9248934961600385
215_2dplanes,GradientBoostingRegressor(n_estimators=50),0.9518195846670828,0.9247197616449209
215_2dplanes,GradientBoostingRegressor(n_estimators=25),0.9208248371444299,0.9039680250647052
218_house_8L,LinearRegression(),0.3532249231397796,0.32859376121896433
218_house_8L,"Lasso(alpha=0.01, max_iter=10000)",0.35322492308575704,0.3285965919712702
218_house_8L,"Lasso(alpha=0.05, max_iter=10000)",0.3532249217892166,0.32860791353692564
218_house_8L,"Lasso(alpha=0.2, max_iter=10000)",0.353224901530771,0.32865034883233046
218_house_8L,DecisionTreeRegressor(max_depth=1),0.2745988070807758,0.25056240504464766
218_house_8L,DecisionTreeRegressor(max_depth=2),0.5600101581070214,0.006992119188081514
218_house_8L,DecisionTreeRegressor(max_depth=4),0.8155202226161805,-0.6527049315005966
218_house_8L,DecisionTreeRegressor(max_depth=6),0.9477916053561225,-0.2714635362610993
218_house_8L,RandomForestRegressor(),0.8983977160532481,0.46925611769798925
218_house_8L,RandomForestRegressor(n_estimators=50),0.9175976256409774,0.4761753213021752
218_house_8L,RandomForestRegressor(n_estimators=25),0.8996385906942852,0.45343956938595864
218_house_8L,GradientBoostingRegressor(),0.9770627676471034,0.4280726347570588
218_house_8L,GradientBoostingRegressor(n_estimators=50),0.9396292020120254,0.449861202033885
218_house_8L,GradientBoostingRegressor(n_estimators=25),0.8845616833272897,0.45539895858985013
225_puma8NH,LinearRegression(),0.42993052802013265,0.3502384963434654
225_puma8NH,"Lasso(alpha=0.01, max_iter=10000)",0.42986483174802126,0.3518582055596289
225_puma8NH,"Lasso(alpha=0.05, max_iter=10000)",0.42862796514962953,0.3570020888982959
225_puma8NH,"Lasso(alpha=0.2, max_iter=10000)",0.4216854313157974,0.3656840379812395
225_puma8NH,DecisionTreeRegressor(max_depth=1),0.33983648473422,0.2557762944639096
225_puma8NH,DecisionTreeRegressor(max_depth=2),0.5513291265501978,0.4256766452053631
225_puma8NH,DecisionTreeRegressor(max_depth=4),0.7422854103831096,0.4106017918780187
225_puma8NH,DecisionTreeRegressor(max_depth=6),0.8745542915780009,0.4000392803259468
225_puma8NH,RandomForestRegressor(),0.9467837230623435,0.5809367783157251
225_puma8NH,RandomForestRegressor(n_estimators=50),0.9511202377017485,0.5849546962409105
225_puma8NH,RandomForestRegressor(n_estimators=25),0.936611193646993,0.5571397945838955
225_puma8NH,GradientBoostingRegressor(),0.932702479090624,0.5663409569911024
225_puma8NH,GradientBoostingRegressor(n_estimators=50),0.8793974963546517,0.5738476883080244
225_puma8NH,GradientBoostingRegressor(n_estimators=25),0.8149870984087795,0.570882517365538
344_mv,LinearRegression(),0.8200127247751867,0.811172801967901
344_mv,"Lasso(alpha=0.01, max_iter=10000)",0.8199990375554614,0.8112402219393442
344_mv,"Lasso(alpha=0.05, max_iter=10000)",0.8197710142556344,0.8112669017125048
344_mv,"Lasso(alpha=0.2, max_iter=10000)",0.817483543819826,0.809002395273017
344_mv,DecisionTreeRegressor(max_depth=1),0.46794607768384977,0.3979106722105712
344_mv,DecisionTreeRegressor(max_depth=2),0.8256578358612188,0.8011126125691536
344_mv,DecisionTreeRegressor(max_depth=4),0.9614151987221412,0.9450071775278902
344_mv,DecisionTreeRegressor(max_depth=6),0.9934826456189035,0.979777535206092
344_mv,RandomForestRegressor(),0.9972913566236921,0.9898507804667698
344_mv,RandomForestRegressor(n_estimators=50),0.9980936281969757,0.988687806375698
344_mv,RandomForestRegressor(n_estimators=25),0.99779374923125,0.9897480271800488
344_mv,GradientBoostingRegressor(),0.9992428619340172,0.9908973809408563
344_mv,GradientBoostingRegressor(n_estimators=50),0.9973914702408712,0.9886463640768576
344_mv,GradientBoostingRegressor(n_estimators=25),0.9807189846047643,0.9685120025216412
529_pollen,LinearRegression(),0.7579075019695746,0.7925099840453875
529_pollen,"Lasso(alpha=0.01, max_iter=10000)",0.7579028656364344,0.792383617634018
529_pollen,"Lasso(alpha=0.05, max_iter=10000)",0.7577929567812098,0.7917884844993924
529_pollen,"Lasso(alpha=0.2, max_iter=10000)",0.7560953344598733,0.7882647587652654
529_pollen,DecisionTreeRegressor(max_depth=1),0.22180183584716284,0.1550083531477905
529_pollen,DecisionTreeRegressor(max_depth=2),0.37165317019781285,0.24301981218811397
529_pollen,DecisionTreeRegressor(max_depth=4),0.6411278705060754,0.3094392537160807
529_pollen,DecisionTreeRegressor(max_depth=6),0.8425158301184543,0.4060053777927837
529_pollen,RandomForestRegressor(),0.9441763175303747,0.6172487819555026
529_pollen,RandomForestRegressor(n_estimators=50),0.9428664262039627,0.6170455797434333
529_pollen,RandomForestRegressor(n_estimators=25),0.9384859778558624,0.6014908724909138
529_pollen,GradientBoostingRegressor(),0.9282576732576601,0.6526587405248423
529_pollen,GradientBoostingRegressor(n_estimators=50),0.8645211972195631,0.6270487858066187
529_pollen,GradientBoostingRegressor(n_estimators=25),0.7485843921209364,0.5521843866340279
537_houses,LinearRegression(),0.7006220738584458,0.6009368687560113
537_houses,"Lasso(alpha=0.01, max_iter=10000)",0.700622073858398,0.6009368647513047
537_houses,"Lasso(alpha=0.05, max_iter=10000)",0.700622073857246,0.6009368487316034
537_houses,"Lasso(alpha=0.2, max_iter=10000)",0.7006220738392435,0.600936788643227
537_houses,DecisionTreeRegressor(max_depth=1),0.43398541602047846,0.2717812994283082
537_houses,DecisionTreeRegressor(max_depth=2),0.587655902738042,0.4075250601404896
537_houses,DecisionTreeRegressor(max_depth=4),0.7878202456383492,0.4839404721148899
537_houses,DecisionTreeRegressor(max_depth=6),0.9071299969364967,0.4240387160678114
537_houses,RandomForestRegressor(),0.9528254919284661,0.6013171042037788
537_houses,RandomForestRegressor(n_estimators=50),0.9478005648396892,0.5843500882213398
537_houses,RandomForestRegressor(n_estimators=25),0.9456379722942143,0.5703676233518034
537_houses,GradientBoostingRegressor(),0.9612112284779515,0.6156427345410305
537_houses,GradientBoostingRegressor(n_estimators=50),0.9056211232413421,0.5905942070054064
537_houses,GradientBoostingRegressor(n_estimators=25),0.8131456735978364,0.5532661389995486
564_fried,LinearRegression(),0.7300964079537249,0.7101001770982839
564_fried,"Lasso(alpha=0.01, max_iter=10000)",0.7296584551917142,0.7136700609110094
564_fried,"Lasso(alpha=0.05, max_iter=10000)",0.7212489160241746,0.7193800584322676
564_fried,"Lasso(alpha=0.2, max_iter=10000)",0.6464807567926139,0.6666428631284427
564_fried,DecisionTreeRegressor(max_depth=1),0.24016306022365308,0.23843844183668317
564_fried,DecisionTreeRegressor(max_depth=2),0.4520728868108169,0.3856838925596804
564_fried,DecisionTreeRegressor(max_depth=4),0.7614346741515777,0.48602724446060497
564_fried,DecisionTreeRegressor(max_depth=6),0.9091641447270729,0.5274235250723971
564_fried,RandomForestRegressor(),0.9665198534141332,0.7959458803608532
564_fried,RandomForestRegressor(n_estimators=50),0.965323516928429,0.7987900849388085
564_fried,RandomForestRegressor(n_estimators=25),0.9651548299833242,0.7893039237817627
564_fried,GradientBoostingRegressor(),0.9905509179200778,0.8725320447957643
564_fried,GradientBoostingRegressor(n_estimators=50),0.9652042463519355,0.8529030130303612
564_fried,GradientBoostingRegressor(n_estimators=25),0.8855112456540862,0.7806753333713659
593_fri_c1_1000_10,LinearRegression(),0.3088631478486513,0.28172916434927053
593_fri_c1_1000_10,"Lasso(alpha=0.01, max_iter=10000)",0.30723440796837154,0.2810400106555718
593_fri_c1_1000_10,"Lasso(alpha=0.05, max_iter=10000)",0.296114633498779,0.27289479796119176
593_fri_c1_1000_10,"Lasso(alpha=0.2, max_iter=10000)",0.20563636276869002,0.17427246334254032
593_fri_c1_1000_10,DecisionTreeRegressor(max_depth=1),0.2924431495627827,0.266349996694237
593_fri_c1_1000_10,DecisionTreeRegressor(max_depth=2),0.6012168910212472,0.43203800840334294
593_fri_c1_1000_10,DecisionTreeRegressor(max_depth=4),0.8211561005095896,0.6209154659802465
593_fri_c1_1000_10,DecisionTreeRegressor(max_depth=6),0.9442593739329455,0.6765933456812239
593_fri_c1_1000_10,RandomForestRegressor(),0.9730957375269805,0.8197339081284889
593_fri_c1_1000_10,RandomForestRegressor(n_estimators=50),0.9740425957357141,0.818294982659556
593_fri_c1_1000_10,RandomForestRegressor(n_estimators=25),0.9769974013310079,0.8226332367973843
593_fri_c1_1000_10,GradientBoostingRegressor(),0.9929145370396987,0.8794849352859493
593_fri_c1_1000_10,GradientBoostingRegressor(n_estimators=50),0.9748942118577374,0.8558710358493353
593_fri_c1_1000_10,GradientBoostingRegressor(n_estimators=25),0.9129299978299196,0.7950257422094026
595_fri_c0_1000_10,LinearRegression(),0.6786377447383821,0.7174692041969759
595_fri_c0_1000_10,"Lasso(alpha=0.01, max_iter=10000)",0.6774109721441371,0.7164919456278621
595_fri_c0_1000_10,"Lasso(alpha=0.05, max_iter=10000)",0.6585297887487007,0.6923291601907081
595_fri_c0_1000_10,"Lasso(alpha=0.2, max_iter=10000)",0.4638126759667488,0.4466395441076365
595_fri_c0_1000_10,DecisionTreeRegressor(max_depth=1),0.29071431448885277,0.21723441035259405
595_fri_c0_1000_10,DecisionTreeRegressor(max_depth=2),0.4701766776576949,0.3932277288136532
595_fri_c0_1000_10,DecisionTreeRegressor(max_depth=4),0.7565856308613631,0.5795783915283116
595_fri_c0_1000_10,DecisionTreeRegressor(max_depth=6),0.9005528792895421,0.5742853486331878
595_fri_c0_1000_10,RandomForestRegressor(),0.964630164512595,0.7840515510484536
595_fri_c0_1000_10,RandomForestRegressor(n_estimators=50),0.9644107581429157,0.7787903502242459
595_fri_c0_1000_10,RandomForestRegressor(n_estimators=25),0.9616724995252071,0.7656399282996368
595_fri_c0_1000_10,GradientBoostingRegressor(),0.9856714910140645,0.8505428134600548
595_fri_c0_1000_10,GradientBoostingRegressor(n_estimators=50),0.954895458394125,0.8193802440966333
595_fri_c0_1000_10,GradientBoostingRegressor(n_estimators=25),0.8616971991638945,0.7307608477901791
599_fri_c2_1000_5,LinearRegression(),0.36367976786385525,0.2539768601102951
599_fri_c2_1000_5,"Lasso(alpha=0.01, max_iter=10000)",0.36148843292593136,0.2531045740657859
599_fri_c2_1000_5,"Lasso(alpha=0.05, max_iter=10000)",0.3468146727097432,0.25837751674130804
599_fri_c2_1000_5,"Lasso(alpha=0.2, max_iter=10000)",0.22306008914131725,0.16483689790114675
599_fri_c2_1000_5,DecisionTreeRegressor(max_depth=1),0.4621876742256005,0.34150938153261745
599_fri_c2_1000_5,DecisionTreeRegressor(max_depth=2),0.631437523608679,0.5301683072669727
599_fri_c2_1000_5,DecisionTreeRegressor(max_depth=4),0.8298243940981229,0.655789336419216
599_fri_c2_1000_5,DecisionTreeRegressor(max_depth=6),0.9210909377854717,0.7255954943971835
599_fri_c2_1000_5,RandomForestRegressor(),0.985212205993654,0.8915166600913123
599_fri_c2_1000_5,RandomForestRegressor(n_estimators=50),0.9829317144747819,0.8908532798621813
599_fri_c2_1000_5,RandomForestRegressor(n_estimators=25),0.9807858539855084,0.8905675068648762
599_fri_c2_1000_5,GradientBoostingRegressor(),0.9918451333348529,0.9054047462202606
599_fri_c2_1000_5,GradientBoostingRegressor(n_estimators=50),0.9773701280916912,0.8866518877648806
599_fri_c2_1000_5,GradientBoostingRegressor(n_estimators=25),0.9334755919850468,0.8404510059480995
606_fri_c2_1000_10,LinearRegression(),0.2942600934923869,0.2945053770952617
606_fri_c2_1000_10,"Lasso(alpha=0.01, max_iter=10000)",0.29176399809507103,0.2934625633109873
606_fri_c2_1000_10,"Lasso(alpha=0.05, max_iter=10000)",0.26757659271274425,0.2643087251451016
606_fri_c2_1000_10,"Lasso(alpha=0.2, max_iter=10000)",0.16160446088076663,0.14721446895251922
606_fri_c2_1000_10,DecisionTreeRegressor(max_depth=1),0.4048237087789922,0.3936431952216517
606_fri_c2_1000_10,DecisionTreeRegressor(max_depth=2),0.5750061784551341,0.5367497074949417
606_fri_c2_1000_10,DecisionTreeRegressor(max_depth=4),0.8290383909469258,0.7123441366033676
606_fri_c2_1000_10,DecisionTreeRegressor(max_depth=6),0.9503033119706343,0.7051481437395106
606_fri_c2_1000_10,RandomForestRegressor(),0.9757629168498082,0.8412058098721852
606_fri_c2_1000_10,RandomForestRegressor(n_estimators=50),0.973635565028452,0.8300496267521682
606_fri_c2_1000_10,RandomForestRegressor(n_estimators=25),0.9725396627021548,0.8387435280218031
606_fri_c2_1000_10,GradientBoostingRegressor(),0.9915857587959769,0.8659167391017807
606_fri_c2_1000_10,GradientBoostingRegressor(n_estimators=50),0.9709111758506473,0.844920173235746
606_fri_c2_1000_10,GradientBoostingRegressor(n_estimators=25),0.9137937743906335,0.7960141329900836
608_fri_c3_1000_10,LinearRegression(),0.30762334691167614,0.2325045568198345
608_fri_c3_1000_10,"Lasso(alpha=0.01, max_iter=10000)",0.3016267113613166,0.2252917289636287
608_fri_c3_1000_10,"Lasso(alpha=0.05, max_iter=10000)",0.256623237040727,0.19880035379701433
608_fri_c3_1000_10,"Lasso(alpha=0.2, max_iter=10000)",0.1766562203488189,0.14626894179553718
608_fri_c3_1000_10,DecisionTreeRegressor(max_depth=1),0.21905707085871473,0.1514694820331679
608_fri_c3_1000_10,DecisionTreeRegressor(max_depth=2),0.4616581225108365,0.32794690161305073
608_fri_c3_1000_10,DecisionTreeRegressor(max_depth=4),0.8159522157531224,0.6309826242496996
608_fri_c3_1000_10,DecisionTreeRegressor(max_depth=6),0.9210212502811216,0.6880742204140977
608_fri_c3_1000_10,RandomForestRegressor(),0.9677157337009257,0.7968430829768587
608_fri_c3_1000_10,RandomForestRegressor(n_estimators=50),0.963930213317908,0.7942285406260676
608_fri_c3_1000_10,RandomForestRegressor(n_estimators=25),0.9655130553639811,0.7819332391791664
608_fri_c3_1000_10,GradientBoostingRegressor(),0.9888031828569206,0.864745940404592
608_fri_c3_1000_10,GradientBoostingRegressor(n_estimators=50),0.9683414633123416,0.8522226321627318
608_fri_c3_1000_10,GradientBoostingRegressor(n_estimators=25),0.8971576719253973,0.755731727900023
609_fri_c0_1000_5,LinearRegression(),0.704319392654561,0.728667568871582
609_fri_c0_1000_5,"Lasso(alpha=0.01, max_iter=10000)",0.7037840775401103,0.7292827628265641
609_fri_c0_1000_5,"Lasso(alpha=0.05, max_iter=10000)",0.6909367459538565,0.7199449558632347
609_fri_c0_1000_5,"Lasso(alpha=0.2, max_iter=10000)",0.5220364637485531,0.5280640551741678
609_fri_c0_1000_5,DecisionTreeRegressor(max_depth=1),0.2631499520440367,0.2335702215907931
609_fri_c0_1000_5,DecisionTreeRegressor(max_depth=2),0.47277724922446007,0.36428805759313654
609_fri_c0_1000_5,DecisionTreeRegressor(max_depth=4),0.7725598913015893,0.55682080037935
609_fri_c0_1000_5,DecisionTreeRegressor(max_depth=6),0.9140627314150845,0.5030879113487745
609_fri_c0_1000_5,RandomForestRegressor(),0.9730222067131236,0.8140102410107743
609_fri_c0_1000_5,RandomForestRegressor(n_estimators=50),0.969939017795865,0.8094832372576469
609_fri_c0_1000_5,RandomForestRegressor(n_estimators=25),0.9725081327060958,0.8138484437538231
609_fri_c0_1000_5,GradientBoostingRegressor(),0.988443846766888,0.8796273003195731
609_fri_c0_1000_5,GradientBoostingRegressor(n_estimators=50),0.9631836872106431,0.8492932590185229
609_fri_c0_1000_5,GradientBoostingRegressor(n_estimators=25),0.8778645104721587,0.7631883423772209
612_fri_c1_1000_5,LinearRegression(),0.30331058986893844,0.2115967790183636
612_fri_c1_1000_5,"Lasso(alpha=0.01, max_iter=10000)",0.30128260914933713,0.2168209922948
612_fri_c1_1000_5,"Lasso(alpha=0.05, max_iter=10000)",0.29313568309728133,0.22085709609557902
612_fri_c1_1000_5,"Lasso(alpha=0.2, max_iter=10000)",0.20890528422147425,0.16689640406730322
612_fri_c1_1000_5,DecisionTreeRegressor(max_depth=1),0.34154118890419527,0.22147565187194307
612_fri_c1_1000_5,DecisionTreeRegressor(max_depth=2),0.5630332936842766,0.4706937611731915
612_fri_c1_1000_5,DecisionTreeRegressor(max_depth=4),0.8255068442067194,0.6535813284227308
612_fri_c1_1000_5,DecisionTreeRegressor(max_depth=6),0.9431792961014425,0.708721804807056
612_fri_c1_1000_5,RandomForestRegressor(),0.98323023644847,0.8592995687712904
612_fri_c1_1000_5,RandomForestRegressor(n_estimators=50),0.9806338918496922,0.8506087560352522
612_fri_c1_1000_5,RandomForestRegressor(n_estimators=25),0.9785582901911943,0.8515799511204951
612_fri_c1_1000_5,GradientBoostingRegressor(),0.992626208451585,0.9075473051956553
612_fri_c1_1000_5,GradientBoostingRegressor(n_estimators=50),0.9738948915905221,0.8755883193511712
612_fri_c1_1000_5,GradientBoostingRegressor(n_estimators=25),0.9081849566634271,0.7987330659915355
623_fri_c4_1000_10,LinearRegression(),0.26295616387311616,0.27643572371168257
623_fri_c4_1000_10,"Lasso(alpha=0.01, max_iter=10000)",0.2556445675613599,0.2909303168515276
623_fri_c4_1000_10,"Lasso(alpha=0.05, max_iter=10000)",0.2158202636375689,0.2778494382281481
623_fri_c4_1000_10,"Lasso(alpha=0.2, max_iter=10000)",0.12201736838248156,0.15733346118134262
623_fri_c4_1000_10,DecisionTreeRegressor(max_depth=1),0.1769107053420469,0.16695974427520444
623_fri_c4_1000_10,DecisionTreeRegressor(max_depth=2),0.5336571759089759,0.33923794872099067
623_fri_c4_1000_10,DecisionTreeRegressor(max_depth=4),0.8525461305243551,0.5435831839203695
623_fri_c4_1000_10,DecisionTreeRegressor(max_depth=6),0.9606599200196239,0.6300898970912794
623_fri_c4_1000_10,RandomForestRegressor(),0.9740668795114257,0.8315473363634489
623_fri_c4_1000_10,RandomForestRegressor(n_estimators=50),0.9721249526219722,0.8388417675833671
623_fri_c4_1000_10,RandomForestRegressor(n_estimators=25),0.9691250338080769,0.809453031181633
623_fri_c4_1000_10,GradientBoostingRegressor(),0.9877324592783515,0.8684833823810626
623_fri_c4_1000_10,GradientBoostingRegressor(n_estimators=50),0.9647804433592433,0.8431970648651543
623_fri_c4_1000_10,GradientBoostingRegressor(n_estimators=25),0.9050746770089666,0.7727952565692062
628_fri_c3_1000_5,LinearRegression(),0.29722281014018914,0.22874801909723697
628_fri_c3_1000_5,"Lasso(alpha=0.01, max_iter=10000)",0.29230318456976245,0.24358313297126077
628_fri_c3_1000_5,"Lasso(alpha=0.05, max_iter=10000)",0.23139805032480198,0.21757510280786097
628_fri_c3_1000_5,"Lasso(alpha=0.2, max_iter=10000)",0.1473860147636209,0.13857900970654546
628_fri_c3_1000_5,DecisionTreeRegressor(max_depth=1),0.19579142780141046,0.16101283153563584
628_fri_c3_1000_5,DecisionTreeRegressor(max_depth=2),0.46947320309461193,0.36215469103248743
628_fri_c3_1000_5,DecisionTreeRegressor(max_depth=4),0.790596410524868,0.6461744783942622
628_fri_c3_1000_5,DecisionTreeRegressor(max_depth=6),0.934658964366594,0.7432866925168499
628_fri_c3_1000_5,RandomForestRegressor(),0.9830397507795642,0.8696018095897442
628_fri_c3_1000_5,RandomForestRegressor(n_estimators=50),0.9814429672696383,0.8691877294562506
628_fri_c3_1000_5,RandomForestRegressor(n_estimators=25),0.9789631757532629,0.8587179784177227
628_fri_c3_1000_5,GradientBoostingRegressor(),0.9880778661615517,0.8877392030372827
628_fri_c3_1000_5,GradientBoostingRegressor(n_estimators=50),0.9677792751559505,0.8672817206034786
628_fri_c3_1000_5,GradientBoostingRegressor(n_estimators=25),0.9045793742876576,0.7930959902683055
banana,LinearRegression(),0.0018788382508728718,0.004306196697314246
banana,"Lasso(alpha=0.01, max_iter=10000)",0.001703590471922145,0.0030371775384790967
banana,"Lasso(alpha=0.05, max_iter=10000)",0.0,-0.0011831159494710697
banana,"Lasso(alpha=0.2, max_iter=10000)",0.0,-0.0011831159494710697
banana,DecisionTreeRegressor(max_depth=1),0.08074985498311726,0.014138792983080628
banana,DecisionTreeRegressor(max_depth=2),0.3034524104240427,0.2051786896006319
banana,DecisionTreeRegressor(max_depth=4),0.5833550826704192,0.3714946681250709
banana,DecisionTreeRegressor(max_depth=6),0.7843672114994494,0.4342437769943919
banana,RandomForestRegressor(),0.937372848200313,0.6073751730702666
banana,RandomForestRegressor(n_estimators=50),0.9373630672926447,0.6186300664260166
banana,RandomForestRegressor(n_estimators=25),0.9371674491392801,0.5948881890003386
banana,GradientBoostingRegressor(),0.8970713218859566,0.5475345158728848
banana,GradientBoostingRegressor(n_estimators=50),0.7731142694638486,0.5403153761953421
banana,GradientBoostingRegressor(n_estimators=25),0.6498804312462101,0.5060670289691789
titanic,LinearRegression(),0.2705240374308103,0.20781800871502132
titanic,"Lasso(alpha=0.01, max_iter=10000)",0.2702734500435999,0.20798320646472135
titanic,"Lasso(alpha=0.05, max_iter=10000)",0.2659184062106027,0.20795505802767777
titanic,"Lasso(alpha=0.2, max_iter=10000)",0.21916984382427918,0.17891116410618468
titanic,DecisionTreeRegressor(max_depth=1),0.26354133671206836,0.19699449843503158
titanic,DecisionTreeRegressor(max_depth=2),0.2996678403928368,0.24250342118100343
titanic,DecisionTreeRegressor(max_depth=4),0.3304333928693427,0.2615575256424052
titanic,DecisionTreeRegressor(max_depth=6),0.3451565655149056,0.26767861521279646
titanic,RandomForestRegressor(),0.3415670274810083,0.2648793149963522
titanic,RandomForestRegressor(n_estimators=50),0.3418597713473194,0.263446601750138
titanic,RandomForestRegressor(n_estimators=25),0.34237217715061863,0.2709381308832134
titanic,GradientBoostingRegressor(),0.34491047780312944,0.26788922410021865
titanic,GradientBoostingRegressor(n_estimators=50),0.3436769898330436,0.2684677573776545
titanic,GradientBoostingRegressor(n_estimators=25),0.3370818209951735,0.26907828440806136
1028_SWD,QG-r1-bic-7,0.3994304090409634,0.3224033874109935
1029_LEV,QG-r1-bic-7,0.6310427184609542,0.5260260555229467
1030_ERA,QG-r1-bic-7,0.28968518513090036,0.35851666481759004
1193_BNG_lowbwt,QG-r1-bic-7,0.5884564009865632,0.5514980877131443
1196_BNG_pharynx,QG-r1-bic-7,0.5506718385174556,0.3651771599495214
1199_BNG_echoMonths,QG-r1-bic-7,0.4221962466915715,0.364324602902773
1201_BNG_breastTumor,QG-r1-bic-7,0.13989598231187073,0.007921172886544592
1203_BNG_pwLinear,QG-r1-bic-7,0.6147678417533433,0.5486066820851789
1595_poker,QG-r1-bic-7,0.02416526469037783,-0.030294555949853752
215_2dplanes,QG-r1-bic-7,0.824686156293271,0.801453028446111
218_house_8L,QG-r1-bic-7,0.6481166902662316,-0.1053097029332346
225_puma8NH,QG-r1-bic-7,0.6977935079425548,0.5913037693933408
344_mv,QG-r1-bic-7,0.9970788231964768,0.9964358896157104
529_pollen,QG-r1-bic-7,0.7567078023485648,0.7891168329339276
537_houses,QG-r1-bic-7,0.6905678120243601,0.5584931250092195
564_fried,QG-r1-bic-7,0.8325887601159999,0.8027870817429397
593_fri_c1_1000_10,QG-r1-bic-7,0.9027878460003841,0.8891904008958472
595_fri_c0_1000_10,QG-r1-bic-7,0.7783462385549945,0.8130640065401686
599_fri_c2_1000_5,QG-r1-bic-7,0.8824219701767452,0.847116329939577
606_fri_c2_1000_10,QG-r1-bic-7,0.8317588470404034,0.8162917847866293
608_fri_c3_1000_10,QG-r1-bic-7,0.8197077290494046,0.8396758650336593
609_fri_c0_1000_5,QG-r1-bic-7,0.8039138428289804,0.8170299031799823
612_fri_c1_1000_5,QG-r1-bic-7,0.8116099075367701,0.8085363877720364
623_fri_c4_1000_10,QG-r1-bic-7,0.8590497325149955,0.8360084665844857
628_fri_c3_1000_5,QG-r1-bic-7,0.8792713671902646,0.858453762387403
banana,QG-r1-bic-7,0.5627748102027541,0.5164918232497233
titanic,QG-r1-bic-7,0.3146760995966602,0.25172802976244524
1028_SWD,QG-r1-aic-9,0.4468299598229122,0.374054173128578
1029_LEV,QG-r1-aic-9,0.6311793202151883,0.5270445372655819
1030_ERA,QG-r1-aic-9,0.3510929691988446,0.35866836374333244
1193_BNG_lowbwt,QG-r1-aic-9,0.6048810746559707,0.5484443800645358
1196_BNG_pharynx,QG-r1-aic-9,0.5820708199263587,0.42695399620917773
1199_BNG_echoMonths,QG-r1-aic-9,0.46941580978253916,0.3937623787140536
1201_BNG_breastTumor,QG-r1-aic-9,0.16905656591714546,-0.038759844735201776
1203_BNG_pwLinear,QG-r1-aic-9,0.6424536561750536,0.5700569646872087
1595_poker,QG-r1-aic-9,0.21839225879802426,-0.2913813130279219
215_2dplanes,QG-r1-aic-9,0.8545501211039875,0.8576926314022276
218_house_8L,QG-r1-aic-9,0.6799404050129478,-0.5189521462875586
225_puma8NH,QG-r1-aic-9,0.7431084900134732,0.6601419647598464
344_mv,QG-r1-aic-9,0.998489524743822,0.998166439045098
529_pollen,QG-r1-aic-9,0.7587299509608951,0.787390875547391
537_houses,QG-r1-aic-9,0.721624251924761,0.6044090716885087
564_fried,QG-r1-aic-9,0.8695724193972317,0.8636756322064528
593_fri_c1_1000_10,QG-r1-aic-9,0.9456490126276849,0.9199774030323687
595_fri_c0_1000_10,QG-r1-aic-9,0.8598828784200429,0.885948450152216
599_fri_c2_1000_5,QG-r1-aic-9,0.9211523886377667,0.8877056231064172
606_fri_c2_1000_10,QG-r1-aic-9,0.8685921445133975,0.8593331705975148
608_fri_c3_1000_10,QG-r1-aic-9,0.8903917104032253,0.9031617396176368
609_fri_c0_1000_5,QG-r1-aic-9,0.8996578591679759,0.9044425321116298
612_fri_c1_1000_5,QG-r1-aic-9,0.8947327904373814,0.891452407934681
623_fri_c4_1000_10,QG-r1-aic-9,0.8992963251633667,0.8921410647110555
628_fri_c3_1000_5,QG-r1-aic-9,0.9024663761795789,0.8632948453043296
banana,QG-r1-aic-9,0.6274727175843196,0.6160958205455729
titanic,QG-r1-aic-9,0.3374256903807962,0.27047757786737114
1028_SWD,QG-r1-aic-7,0.42611226891343756,0.3257304543137355
1029_LEV,QG-r1-aic-7,0.6310427184609542,0.5260260555229467
1030_ERA,QG-r1-aic-7,0.3519239181126571,0.35742459533535864
1193_BNG_lowbwt,QG-r1-aic-7,0.6056761071379078,0.5433769874724548
1196_BNG_pharynx,QG-r1-aic-7,0.5649829865534467,0.3933178663069128
1199_BNG_echoMonths,QG-r1-aic-7,0.459540839352528,0.3897776465521817
1201_BNG_breastTumor,QG-r1-aic-7,0.15786369253823407,0.017547552031391467
1203_BNG_pwLinear,QG-r1-aic-7,0.6161447459455094,0.542446997706115
1595_poker,QG-r1-aic-7,0.1967847910006797,-0.27549417896926265
215_2dplanes,QG-r1-aic-7,0.8167205180164598,0.785623743999688
218_house_8L,QG-r1-aic-7,0.6366516828486857,-0.009411659866821909
225_puma8NH,QG-r1-aic-7,0.6997363075072911,0.589804393482677
344_mv,QG-r1-aic-7,0.998487180127995,0.9981649312116658
529_pollen,QG-r1-aic-7,0.7567078023485648,0.7891168329339276
537_houses,QG-r1-aic-7,0.691612629855181,0.5549491350480507
564_fried,QG-r1-aic-7,0.8325974634364953,0.8027776701847027
593_fri_c1_1000_10,QG-r1-aic-7,0.8421409278396754,0.832397763102851
595_fri_c0_1000_10,QG-r1-aic-7,0.7783460597323901,0.8130552258000961
599_fri_c2_1000_5,QG-r1-aic-7,0.8821152411454967,0.8465904682873666
606_fri_c2_1000_10,QG-r1-aic-7,0.8276644907445693,0.811772063461459
608_fri_c3_1000_10,QG-r1-aic-7,0.8108339795866815,0.8558609024752915
609_fri_c0_1000_5,QG-r1-aic-7,0.8039138364687665,0.8170311736354146
612_fri_c1_1000_5,QG-r1-aic-7,0.8116099110333985,0.8085359254731785
623_fri_c4_1000_10,QG-r1-aic-7,0.8598095120045488,0.8361653213221689
628_fri_c3_1000_5,QG-r1-aic-7,0.8485030527632993,0.8170502180332533
banana,QG-r1-aic-7,0.5743373855876727,0.5275861545735246
titanic,QG-r1-aic-7,0.3329730148765673,0.2720002786588098
1028_SWD,QG-r1-bic-9,0.3994304090409634,0.3224033874109935
1029_LEV,QG-r1-bic-9,0.6315055281977229,0.517758320365657
1030_ERA,QG-r1-bic-9,0.28968518513090036,0.35851666481759004
1193_BNG_lowbwt,QG-r1-bic-9,0.5437964299929464,0.5380173954224745
1196_BNG_pharynx,QG-r1-bic-9,0.5506679351212163,0.36554758252718267
1199_BNG_echoMonths,QG-r1-bic-9,0.37903288341754515,0.39637949181077714
1201_BNG_breastTumor,QG-r1-bic-9,0.13988860542831338,0.007962248309567155
1203_BNG_pwLinear,QG-r1-bic-9,0.6406204288842154,0.570029364596282
1595_poker,QG-r1-bic-9,0.1636685807097854,-0.154502038196644
215_2dplanes,QG-r1-bic-9,0.8543880753714567,0.8574358785274807
218_house_8L,QG-r1-bic-9,0.685874202649954,-0.30956135515448957
225_puma8NH,QG-r1-bic-9,0.7363483797074621,0.6407552029726009
344_mv,QG-r1-bic-9,0.998488794385771,0.9981658893167635
529_pollen,QG-r1-bic-9,0.7567078034587221,0.7891171839588613
537_houses,QG-r1-bic-9,0.7030959543419294,0.5724399969283295
564_fried,QG-r1-bic-9,0.8516601417387011,0.819063689733132
593_fri_c1_1000_10,QG-r1-bic-9,0.9446869188649322,0.9177922461959532
595_fri_c0_1000_10,QG-r1-bic-9,0.8598828866516349,0.8859487636400262
599_fri_c2_1000_5,QG-r1-bic-9,0.9055012746869876,0.8862628391654509
606_fri_c2_1000_10,QG-r1-bic-9,0.8659787390093634,0.856141073019898
608_fri_c3_1000_10,QG-r1-bic-9,0.8774837994363124,0.8965039075532465
609_fri_c0_1000_5,QG-r1-bic-9,0.8931201123416577,0.9004867058055166
612_fri_c1_1000_5,QG-r1-bic-9,0.9262080756620422,0.9236008564587113
623_fri_c4_1000_10,QG-r1-bic-9,0.8891903836145453,0.8664091286030572
628_fri_c3_1000_5,QG-r1-bic-9,0.9024165325820726,0.8632500798079251
banana,QG-r1-bic-9,0.5409910543380809,0.49397628340800337
titanic,QG-r1-bic-9,0.3146760995966602,0.25172802976244524
