dataset,model,randomseed,train_r2,test_r2
1028_SWD,LinearRegression(),0,0.4124707241192022,0.3299351175571001
1028_SWD,"Lasso(alpha=0.01, max_iter=100000)",0,0.4095665479718288,0.3492171240001593
1028_SWD,"Lasso(alpha=0.05, max_iter=100000)",0,0.3870775254662224,0.3504717159355596
1028_SWD,"Lasso(alpha=0.1, max_iter=100000)",0,0.3407280223658097,0.312471604057413
1028_SWD,DecisionTreeRegressor(max_depth=1),0,0.2290539799336748,0.2144682804492825
1028_SWD,DecisionTreeRegressor(max_depth=2),0,0.3747836560225213,0.1684861239152462
1028_SWD,DecisionTreeRegressor(max_depth=4),0,0.5726187215930438,0.1124026582393812
1028_SWD,DecisionTreeRegressor(max_depth=6),0,0.7342960518975439,0.0080188409670428
1028_SWD,RandomForestRegressor(n_estimators=400),0,0.7351979399252316,0.2717066254300707
1028_SWD,RandomForestRegressor(n_estimators=200),0,0.7389073507952078,0.2638562318617946
1028_SWD,RandomForestRegressor(),0,0.7361917909302582,0.27272209112115
1028_SWD,RandomForestRegressor(n_estimators=50),0,0.7350999100148514,0.277608855210087
1028_SWD,GradientBoostingRegressor(n_estimators=400),0,0.7774130365374718,0.082576946170585
1028_SWD,GradientBoostingRegressor(n_estimators=200),0,0.7730881095231525,0.1302312784645423
1028_SWD,GradientBoostingRegressor(),0,0.749061541907984,0.2070493075248174
1028_SWD,GradientBoostingRegressor(n_estimators=50),0,0.705531373097023,0.2701441210728422
1029_LEV,LinearRegression(),0,0.690260587056478,0.5368588056126085
1029_LEV,"Lasso(alpha=0.01, max_iter=100000)",0,0.690042117470854,0.5384919989175556
1029_LEV,"Lasso(alpha=0.05, max_iter=100000)",0,0.6847993260388259,0.5402010535448507
1029_LEV,"Lasso(alpha=0.1, max_iter=100000)",0,0.6684157822873413,0.5314858861185989
1029_LEV,DecisionTreeRegressor(max_depth=1),0,0.416656492656886,0.2093706889231743
1029_LEV,DecisionTreeRegressor(max_depth=2),0,0.5337471420254455,0.2485708675518312
1029_LEV,DecisionTreeRegressor(max_depth=4),0,0.7663168007775224,0.3881771527353923
1029_LEV,DecisionTreeRegressor(max_depth=6),0,0.8730049487103857,0.3076499445158596
1029_LEV,RandomForestRegressor(n_estimators=400),0,0.8646326835362896,0.4202303496278335
1029_LEV,RandomForestRegressor(n_estimators=200),0,0.8631092607257167,0.427722200943598
1029_LEV,RandomForestRegressor(),0,0.8618624919866751,0.4343130375930774
1029_LEV,RandomForestRegressor(n_estimators=50),0,0.8603791571664224,0.4300834378068361
1029_LEV,GradientBoostingRegressor(n_estimators=400),0,0.8806586447753761,0.3773396285842586
1029_LEV,GradientBoostingRegressor(n_estimators=200),0,0.8706102945159595,0.3970170560451406
1029_LEV,GradientBoostingRegressor(),0,0.8565966670423897,0.421530900758011
1029_LEV,GradientBoostingRegressor(n_estimators=50),0,0.8358892641429877,0.4612580977890806
1030_ERA,LinearRegression(),0,0.2681477709909163,0.376191368414694
1030_ERA,"Lasso(alpha=0.01, max_iter=100000)",0,0.2681378045037268,0.375667814284507
1030_ERA,"Lasso(alpha=0.05, max_iter=100000)",0,0.267898522227784,0.373348369805819
1030_ERA,"Lasso(alpha=0.1, max_iter=100000)",0,0.2671507325358854,0.3699419331552978
1030_ERA,DecisionTreeRegressor(max_depth=1),0,0.1604494078912526,0.0872496162708688
1030_ERA,DecisionTreeRegressor(max_depth=2),0,0.2678952292895322,0.0847016000530374
1030_ERA,DecisionTreeRegressor(max_depth=4),0,0.3918614354719831,0.2030253729820464
1030_ERA,DecisionTreeRegressor(max_depth=6),0,0.4737689646094818,0.1351695139373891
1030_ERA,RandomForestRegressor(n_estimators=400),0,0.5221936791094006,0.1836089984808433
1030_ERA,RandomForestRegressor(n_estimators=200),0,0.5218474823398005,0.183572639130454
1030_ERA,RandomForestRegressor(),0,0.5196844635406519,0.1898213736474532
1030_ERA,RandomForestRegressor(n_estimators=50),0,0.512312902570171,0.1923417203134833
1030_ERA,GradientBoostingRegressor(n_estimators=400),0,0.5459069615741945,0.0562563695408717
1030_ERA,GradientBoostingRegressor(n_estimators=200),0,0.5457886787400141,0.0619649802483488
1030_ERA,GradientBoostingRegressor(),0,0.5432807929814976,0.0967895050657852
1030_ERA,GradientBoostingRegressor(n_estimators=50),0,0.5254322100806061,0.1707928905403044
1191_BNG_pbc,LinearRegression(),0,0.4637812891756023,0.1262971735604877
1191_BNG_pbc,"Lasso(alpha=0.01, max_iter=100000)",0,0.4637812780619196,0.1263346629482721
1191_BNG_pbc,"Lasso(alpha=0.05, max_iter=100000)",0,0.4637810113493609,0.1264842167421128
1191_BNG_pbc,"Lasso(alpha=0.1, max_iter=100000)",0,0.4637801778642196,0.1266702460411176
1191_BNG_pbc,DecisionTreeRegressor(max_depth=1),0,0.189480092480476,0.057849575560263
1191_BNG_pbc,DecisionTreeRegressor(max_depth=2),0,0.3626617568428993,-0.0486191000656943
1191_BNG_pbc,DecisionTreeRegressor(max_depth=4),0,0.789541311618409,-0.2885974974025336
1191_BNG_pbc,DecisionTreeRegressor(max_depth=6),0,0.9508414039373084,-0.3463627890733785
1191_BNG_pbc,RandomForestRegressor(n_estimators=400),0,0.9009461746633904,0.2251543389052716
1191_BNG_pbc,RandomForestRegressor(n_estimators=200),0,0.8989152496998951,0.2210450147457892
1191_BNG_pbc,RandomForestRegressor(),0,0.8945099249025484,0.219109169364795
1191_BNG_pbc,RandomForestRegressor(n_estimators=50),0,0.8907361742557537,0.2204931321693833
1191_BNG_pbc,GradientBoostingRegressor(n_estimators=400),0,0.9999984868164958,0.13224828971162
1191_BNG_pbc,GradientBoostingRegressor(n_estimators=200),0,0.99949183216098,0.1447486371111415
1191_BNG_pbc,GradientBoostingRegressor(),0,0.9895036053010658,0.1493819805573339
1191_BNG_pbc,GradientBoostingRegressor(n_estimators=50),0,0.9493949313782308,0.1652911497548133
1193_BNG_lowbwt,LinearRegression(),0,0.6729480203122788,0.5063326612904393
1193_BNG_lowbwt,"Lasso(alpha=0.01, max_iter=100000)",0,0.6729480147456264,0.5063430049089046
1193_BNG_lowbwt,"Lasso(alpha=0.05, max_iter=100000)",0,0.6729478800210635,0.506383569354679
1193_BNG_lowbwt,"Lasso(alpha=0.1, max_iter=100000)",0,0.6729474613938152,0.5064348657272151
1193_BNG_lowbwt,DecisionTreeRegressor(max_depth=1),0,0.5756616046908215,0.4972440349886319
1193_BNG_lowbwt,DecisionTreeRegressor(max_depth=2),0,0.6304363728323252,0.5137189507348174
1193_BNG_lowbwt,DecisionTreeRegressor(max_depth=4),0,0.7758941921715811,0.3492676825674564
1193_BNG_lowbwt,DecisionTreeRegressor(max_depth=6),0,0.864671821585764,0.2931615794867552
1193_BNG_lowbwt,RandomForestRegressor(n_estimators=400),0,0.9394755681963056,0.4899455814475578
1193_BNG_lowbwt,RandomForestRegressor(n_estimators=200),0,0.939961839737487,0.4932319781750746
1193_BNG_lowbwt,RandomForestRegressor(),0,0.9402939035638462,0.4862699285146208
1193_BNG_lowbwt,RandomForestRegressor(n_estimators=50),0,0.9376213645758884,0.4957259881651641
1193_BNG_lowbwt,GradientBoostingRegressor(n_estimators=400),0,0.999871981344552,0.3977480636565776
1193_BNG_lowbwt,GradientBoostingRegressor(n_estimators=200),0,0.9960508830497358,0.4127834488723165
1193_BNG_lowbwt,GradientBoostingRegressor(),0,0.9760533560401864,0.4434868092225436
1193_BNG_lowbwt,GradientBoostingRegressor(n_estimators=50),0,0.926157798141882,0.4784677164015151
1196_BNG_pharynx,LinearRegression(),0,0.5814431616548749,0.3538824973645018
1196_BNG_pharynx,"Lasso(alpha=0.01, max_iter=100000)",0,0.5814431491431183,0.3539436570441988
1196_BNG_pharynx,"Lasso(alpha=0.05, max_iter=100000)",0,0.581442848815991,0.3541879116494486
1196_BNG_pharynx,"Lasso(alpha=0.1, max_iter=100000)",0,0.5814419081869837,0.3544939078934224
1196_BNG_pharynx,DecisionTreeRegressor(max_depth=1),0,0.4922172232014532,0.3597885324217411
1196_BNG_pharynx,DecisionTreeRegressor(max_depth=2),0,0.5946299856872058,0.3334359189392091
1196_BNG_pharynx,DecisionTreeRegressor(max_depth=4),0,0.8154821791907603,0.1433921633548757
1196_BNG_pharynx,DecisionTreeRegressor(max_depth=6),0,0.9497681213900316,0.0028451891613253
1196_BNG_pharynx,RandomForestRegressor(n_estimators=400),0,0.9283450469421208,0.345803581687109
1196_BNG_pharynx,RandomForestRegressor(n_estimators=200),0,0.9265903994948405,0.3476858789703386
1196_BNG_pharynx,RandomForestRegressor(),0,0.9179714466760804,0.3504404314576762
1196_BNG_pharynx,RandomForestRegressor(n_estimators=50),0,0.9153626961035756,0.3427764525568136
1196_BNG_pharynx,GradientBoostingRegressor(n_estimators=400),0,0.9998336271252096,0.188448258504395
1196_BNG_pharynx,GradientBoostingRegressor(n_estimators=200),0,0.995750414846214,0.2122056271426755
1196_BNG_pharynx,GradientBoostingRegressor(),0,0.972195534057203,0.2636158609487407
1196_BNG_pharynx,GradientBoostingRegressor(n_estimators=50),0,0.9098810929006872,0.3247976833911625
1199_BNG_echoMonths,LinearRegression(),0,0.5514038211959597,0.3693647571622803
1199_BNG_echoMonths,"Lasso(alpha=0.01, max_iter=100000)",0,0.5513647884933084,0.3712327796907596
1199_BNG_echoMonths,"Lasso(alpha=0.05, max_iter=100000)",0,0.5504280782888128,0.3775886617654059
1199_BNG_echoMonths,"Lasso(alpha=0.1, max_iter=100000)",0,0.5498073890097769,0.383272619399674
1199_BNG_echoMonths,DecisionTreeRegressor(max_depth=1),0,0.484941477688803,0.3757504509280294
1199_BNG_echoMonths,DecisionTreeRegressor(max_depth=2),0,0.5735897828555472,0.2831511517628867
1199_BNG_echoMonths,DecisionTreeRegressor(max_depth=4),0,0.7942219795327745,0.0652829983189656
1199_BNG_echoMonths,DecisionTreeRegressor(max_depth=6),0,0.9499292891994116,-0.1538798713006901
1199_BNG_echoMonths,RandomForestRegressor(n_estimators=400),0,0.9177225320446776,0.3323972736302533
1199_BNG_echoMonths,RandomForestRegressor(n_estimators=200),0,0.9245985949461542,0.3371778740559265
1199_BNG_echoMonths,RandomForestRegressor(),0,0.9230420440536566,0.3187128271518723
1199_BNG_echoMonths,RandomForestRegressor(n_estimators=50),0,0.9107779286515252,0.3256006679412037
1199_BNG_echoMonths,GradientBoostingRegressor(n_estimators=400),0,0.9999686630986888,0.2032862569706391
1199_BNG_echoMonths,GradientBoostingRegressor(n_estimators=200),0,0.9967609577322976,0.2200178610798155
1199_BNG_echoMonths,GradientBoostingRegressor(),0,0.9710862554800844,0.2481584993372194
1199_BNG_echoMonths,GradientBoostingRegressor(n_estimators=50),0,0.8935485227182317,0.3029247481386303
1201_BNG_breastTumor,LinearRegression(),0,0.1481920815732379,-0.0674518059491926
1201_BNG_breastTumor,"Lasso(alpha=0.01, max_iter=100000)",0,0.1481592433008282,-0.0643636970232621
1201_BNG_breastTumor,"Lasso(alpha=0.05, max_iter=100000)",0,0.1474425923922353,-0.0532018633008499
1201_BNG_breastTumor,"Lasso(alpha=0.1, max_iter=100000)",0,0.1454837555065964,-0.041769058816049
1201_BNG_breastTumor,DecisionTreeRegressor(max_depth=1),0,0.0727988305895857,-0.004650733845803
1201_BNG_breastTumor,DecisionTreeRegressor(max_depth=2),0,0.1679749313588258,-0.0616173737282785
1201_BNG_breastTumor,DecisionTreeRegressor(max_depth=4),0,0.4145869869966967,-0.2264444828647884
1201_BNG_breastTumor,DecisionTreeRegressor(max_depth=6),0,0.7679705353055521,-0.6526323942400942
1201_BNG_breastTumor,RandomForestRegressor(n_estimators=400),0,0.8329524022411391,-0.0446839291827003
1201_BNG_breastTumor,RandomForestRegressor(n_estimators=200),0,0.8327387817588984,-0.0427651805111404
1201_BNG_breastTumor,RandomForestRegressor(),0,0.8255742155838897,-0.0587912383992326
1201_BNG_breastTumor,RandomForestRegressor(n_estimators=50),0,0.8215328543937652,-0.0630235413370066
1201_BNG_breastTumor,GradientBoostingRegressor(n_estimators=400),0,0.9993236575838582,-0.5538106036033505
1201_BNG_breastTumor,GradientBoostingRegressor(n_estimators=200),0,0.9851913765571748,-0.4954974788576245
1201_BNG_breastTumor,GradientBoostingRegressor(),0,0.9087150890139556,-0.3397800379270443
1201_BNG_breastTumor,GradientBoostingRegressor(n_estimators=50),0,0.747405546024693,-0.1981134187056545
1203_BNG_pwLinear,LinearRegression(),0,0.5257119193349682,0.4884457753816708
1203_BNG_pwLinear,"Lasso(alpha=0.01, max_iter=100000)",0,0.5256348577077681,0.4873966065206744
1203_BNG_pwLinear,"Lasso(alpha=0.05, max_iter=100000)",0,0.5239181369769417,0.4819330143912038
1203_BNG_pwLinear,"Lasso(alpha=0.1, max_iter=100000)",0,0.5186793202173899,0.4727496836414964
1203_BNG_pwLinear,DecisionTreeRegressor(max_depth=1),0,0.406218149523872,0.3876017249313108
1203_BNG_pwLinear,DecisionTreeRegressor(max_depth=2),0,0.5294342617068803,0.4673218035614326
1203_BNG_pwLinear,DecisionTreeRegressor(max_depth=4),0,0.7028631610207026,0.3645321105994854
1203_BNG_pwLinear,DecisionTreeRegressor(max_depth=6),0,0.9165492630267926,0.0798150629068564
1203_BNG_pwLinear,RandomForestRegressor(n_estimators=400),0,0.9189916501112838,0.4930121011063502
1203_BNG_pwLinear,RandomForestRegressor(n_estimators=200),0,0.9180239413597232,0.4940748543867165
1203_BNG_pwLinear,RandomForestRegressor(),0,0.9228515385654632,0.4824176676184395
1203_BNG_pwLinear,RandomForestRegressor(n_estimators=50),0,0.90791967042139,0.4841244050764582
1203_BNG_pwLinear,GradientBoostingRegressor(n_estimators=400),0,0.9944381684483684,0.3813184512249445
1203_BNG_pwLinear,GradientBoostingRegressor(n_estimators=200),0,0.9759314505260184,0.4083803377158264
1203_BNG_pwLinear,GradientBoostingRegressor(),0,0.9320560674877212,0.4420610414330942
1203_BNG_pwLinear,GradientBoostingRegressor(n_estimators=50),0,0.8535921395423085,0.4720669472802162
1595_poker,LinearRegression(),0,0.1052372000213941,-0.1484508226757126
1595_poker,"Lasso(alpha=0.01, max_iter=100000)",0,0.1047577342813305,-0.1388589187448428
1595_poker,"Lasso(alpha=0.05, max_iter=100000)",0,0.0940348137499909,-0.1145580798924124
1595_poker,"Lasso(alpha=0.1, max_iter=100000)",0,0.0792554246683916,-0.0969117898847005
1595_poker,DecisionTreeRegressor(max_depth=1),0,0.0856599117468682,-0.133463789714783
1595_poker,DecisionTreeRegressor(max_depth=2),0,0.213298606155749,-0.2905599106642937
1595_poker,DecisionTreeRegressor(max_depth=4),0,0.6542665551068912,-1.0142092749432066
1595_poker,DecisionTreeRegressor(max_depth=6),0,0.8626373626373627,-1.4209694071563042
1595_poker,RandomForestRegressor(n_estimators=400),0,0.8541560064935065,-0.2252875136516603
1595_poker,RandomForestRegressor(n_estimators=200),0,0.8494162337662338,-0.2201257440924804
1595_poker,RandomForestRegressor(),0,0.849251948051948,-0.2329421553895112
1595_poker,RandomForestRegressor(n_estimators=50),0,0.8511376623376623,-0.217380530172325
1595_poker,GradientBoostingRegressor(n_estimators=400),0,0.999937857102924,-0.5584917925831081
1595_poker,GradientBoostingRegressor(n_estimators=200),0,0.9949727611503716,-0.519105490521103
1595_poker,GradientBoostingRegressor(),0,0.9445562271013688,-0.4242441415436182
1595_poker,GradientBoostingRegressor(n_estimators=50),0,0.8261122153019748,-0.3038138210699954
197_cpu_act,LinearRegression(),0,0.8370299156117306,-0.5275414023248486
197_cpu_act,"Lasso(alpha=0.01, max_iter=100000)",0,0.8370263079517906,-0.5073339723036077
197_cpu_act,"Lasso(alpha=0.05, max_iter=100000)",0,0.8369397241621344,-0.4292570829785911
197_cpu_act,"Lasso(alpha=0.1, max_iter=100000)",0,0.8366691489960003,-0.3378545053203601
197_cpu_act,DecisionTreeRegressor(max_depth=1),0,0.8271108665008581,0.7703874450842917
197_cpu_act,DecisionTreeRegressor(max_depth=2),0,0.9256954022565128,0.8846307558581431
197_cpu_act,DecisionTreeRegressor(max_depth=4),0,0.9841497305291668,0.9334544889797703
197_cpu_act,DecisionTreeRegressor(max_depth=6),0,0.9973095287985316,0.9366264745073364
197_cpu_act,RandomForestRegressor(n_estimators=400),0,0.9943577400567092,0.9536372314576748
197_cpu_act,RandomForestRegressor(n_estimators=200),0,0.9943894941444484,0.9534917885302316
197_cpu_act,RandomForestRegressor(),0,0.9950723524617004,0.9550250009734328
197_cpu_act,RandomForestRegressor(n_estimators=50),0,0.9935684657131512,0.9512084757721334
197_cpu_act,GradientBoostingRegressor(n_estimators=400),0,0.9999999771464072,0.9480760333907056
197_cpu_act,GradientBoostingRegressor(n_estimators=200),0,0.9999859334677168,0.9479396307856988
197_cpu_act,GradientBoostingRegressor(),0,0.9996636857805644,0.948593143670707
197_cpu_act,GradientBoostingRegressor(n_estimators=50),0,0.9981321542743624,0.9489942366448926
201_pol,LinearRegression(),0,0.3578976362179487,-1.1923459337382585
201_pol,"Lasso(alpha=0.01, max_iter=100000)",0,0.6518505247466999,-0.0463314113545112
201_pol,"Lasso(alpha=0.05, max_iter=100000)",0,0.6485494459163526,-0.0663177971251538
201_pol,"Lasso(alpha=0.1, max_iter=100000)",0,0.6403064487752291,-0.2196830651431265
201_pol,DecisionTreeRegressor(max_depth=1),0,0.2939258368945869,0.1562983911559838
201_pol,DecisionTreeRegressor(max_depth=2),0,0.6251438502829203,0.5004355398537925
201_pol,DecisionTreeRegressor(max_depth=4),0,0.9171884216134704,0.7137878446177763
201_pol,DecisionTreeRegressor(max_depth=6),0,0.9809659222872538,0.6916429725986026
201_pol,RandomForestRegressor(n_estimators=400),0,0.9587599143003808,0.8027293595013891
201_pol,RandomForestRegressor(n_estimators=200),0,0.9562782013721955,0.7956013581036299
201_pol,RandomForestRegressor(),0,0.9610228866185896,0.7986836457923642
201_pol,RandomForestRegressor(n_estimators=50),0,0.9535098657852564,0.8079871680246973
201_pol,GradientBoostingRegressor(n_estimators=400),0,0.9999736092425906,0.7998228749612808
201_pol,GradientBoostingRegressor(n_estimators=200),0,0.9988515712030948,0.8033915841364124
201_pol,GradientBoostingRegressor(),0,0.9903045883945876,0.8065164902103537
201_pol,GradientBoostingRegressor(n_estimators=50),0,0.9628161270582462,0.808295462130992
215_2dplanes,LinearRegression(),0,0.7639746467045345,0.6322432152129682
215_2dplanes,"Lasso(alpha=0.01, max_iter=100000)",0,0.7638794075301633,0.6323907793812139
215_2dplanes,"Lasso(alpha=0.05, max_iter=100000)",0,0.7617787017296781,0.630676055943863
215_2dplanes,"Lasso(alpha=0.1, max_iter=100000)",0,0.7569925808860875,0.6289375652797148
215_2dplanes,DecisionTreeRegressor(max_depth=1),0,0.4022888096015172,0.4451041499966054
215_2dplanes,DecisionTreeRegressor(max_depth=2),0,0.7210778142091024,0.678472730085014
215_2dplanes,DecisionTreeRegressor(max_depth=4),0,0.9433479189014768,0.7827664383549136
215_2dplanes,DecisionTreeRegressor(max_depth=6),0,0.986578828021457,0.7759563146881054
215_2dplanes,RandomForestRegressor(n_estimators=400),0,0.9887967326365515,0.8644302950443628
215_2dplanes,RandomForestRegressor(n_estimators=200),0,0.988569844848233,0.8637901229472733
215_2dplanes,RandomForestRegressor(),0,0.9878576468437528,0.8691295798691256
215_2dplanes,RandomForestRegressor(n_estimators=50),0,0.9884627312008532,0.8623633502590652
215_2dplanes,GradientBoostingRegressor(n_estimators=400),0,0.9997176085834452,0.8802188971413079
215_2dplanes,GradientBoostingRegressor(n_estimators=200),0,0.9976694449903104,0.8838179501140325
215_2dplanes,GradientBoostingRegressor(),0,0.9913018199098886,0.8886775199550532
215_2dplanes,GradientBoostingRegressor(n_estimators=50),0,0.9769364765788386,0.8906906784601291
218_house_8L,LinearRegression(),0,0.2819470821926558,0.0159201652000062
218_house_8L,"Lasso(alpha=0.01, max_iter=100000)",0,0.2819470820831264,0.0159401934205889
218_house_8L,"Lasso(alpha=0.05, max_iter=100000)",0,0.2819470794544784,0.0160202922080188
218_house_8L,"Lasso(alpha=0.1, max_iter=100000)",0,0.2819470712399733,0.0161203852001775
218_house_8L,DecisionTreeRegressor(max_depth=1),0,0.2833995147619389,0.2221147857331917
218_house_8L,DecisionTreeRegressor(max_depth=2),0,0.7960819307345353,-0.0462624118823784
218_house_8L,DecisionTreeRegressor(max_depth=4),0,0.940896717855788,-0.0418667187944423
218_house_8L,DecisionTreeRegressor(max_depth=6),0,0.9944183345848444,-1.461079068657558
218_house_8L,RandomForestRegressor(n_estimators=400),0,0.8743994714608763,0.3838065861769769
218_house_8L,RandomForestRegressor(n_estimators=200),0,0.8819367182928156,0.3750296208896527
218_house_8L,RandomForestRegressor(),0,0.8510387426544198,0.3870123387224464
218_house_8L,RandomForestRegressor(n_estimators=50),0,0.839965498816629,0.3746528003708581
218_house_8L,GradientBoostingRegressor(n_estimators=400),0,0.9999988148765692,0.2736578642995517
218_house_8L,GradientBoostingRegressor(n_estimators=200),0,0.999770871866827,0.1236215967410292
218_house_8L,GradientBoostingRegressor(),0,0.9962469364035572,0.1665390764280114
218_house_8L,GradientBoostingRegressor(n_estimators=50),0,0.9848206008232472,0.2509126165579387
225_puma8NH,LinearRegression(),0,0.3863353359260598,0.3358619715332814
225_puma8NH,"Lasso(alpha=0.01, max_iter=100000)",0,0.3862833912089786,0.336754427461317
225_puma8NH,"Lasso(alpha=0.05, max_iter=100000)",0,0.385647127404793,0.3393131906408113
225_puma8NH,"Lasso(alpha=0.1, max_iter=100000)",0,0.3846625059469486,0.3414115953020139
225_puma8NH,DecisionTreeRegressor(max_depth=1),0,0.2963187037204107,0.2515665273227548
225_puma8NH,DecisionTreeRegressor(max_depth=2),0,0.5364523590032289,0.3574419622209678
225_puma8NH,DecisionTreeRegressor(max_depth=4),0,0.7520206607775455,0.3552792396821272
225_puma8NH,DecisionTreeRegressor(max_depth=6),0,0.896345683608693,0.2219190699410586
225_puma8NH,RandomForestRegressor(n_estimators=400),0,0.9175271081261726,0.5373872205261108
225_puma8NH,RandomForestRegressor(n_estimators=200),0,0.9152299365864984,0.5335857543922806
225_puma8NH,RandomForestRegressor(),0,0.920905797408107,0.5357167630783584
225_puma8NH,RandomForestRegressor(n_estimators=50),0,0.9127639528851176,0.5163342095642698
225_puma8NH,GradientBoostingRegressor(n_estimators=400),0,0.99999535705411,0.502640355332111
225_puma8NH,GradientBoostingRegressor(n_estimators=200),0,0.9993154923282752,0.5074695418803463
225_puma8NH,GradientBoostingRegressor(),0,0.9867872669998764,0.513663411241692
225_puma8NH,GradientBoostingRegressor(n_estimators=50),0,0.9371462976555014,0.5226199068422842
227_cpu_small,LinearRegression(),0,0.7963183775233151,0.217705536135519
227_cpu_small,"Lasso(alpha=0.01, max_iter=100000)",0,0.7963179634811877,0.2196492494847408
227_cpu_small,"Lasso(alpha=0.05, max_iter=100000)",0,0.7963080264479592,0.227199908377445
227_cpu_small,"Lasso(alpha=0.1, max_iter=100000)",0,0.7962769745110637,0.2361328806571644
227_cpu_small,DecisionTreeRegressor(max_depth=1),0,0.8271108665008581,0.7539245358966618
227_cpu_small,DecisionTreeRegressor(max_depth=2),0,0.9200604404068272,0.8734542394910063
227_cpu_small,DecisionTreeRegressor(max_depth=4),0,0.9823250585738584,0.9261007698272664
227_cpu_small,DecisionTreeRegressor(max_depth=6),0,0.9976174318269498,0.9268787996531114
227_cpu_small,RandomForestRegressor(n_estimators=400),0,0.9935381810866734,0.9485562309404212
227_cpu_small,RandomForestRegressor(n_estimators=200),0,0.9948055678247724,0.9495857654355327
227_cpu_small,RandomForestRegressor(),0,0.993850638502428,0.949472080610629
227_cpu_small,RandomForestRegressor(n_estimators=50),0,0.9869750576498372,0.9427395056609644
227_cpu_small,GradientBoostingRegressor(n_estimators=400),0,0.99999993155421,0.9455745404944088
227_cpu_small,GradientBoostingRegressor(n_estimators=200),0,0.9999793059551664,0.9441788560452782
227_cpu_small,GradientBoostingRegressor(),0,0.9995595239601056,0.9450677539945952
227_cpu_small,GradientBoostingRegressor(n_estimators=50),0,0.9971624226760248,0.9451249765220944
294_satellite_image,LinearRegression(),0,0.7333666762817239,0.5681896606001271
294_satellite_image,"Lasso(alpha=0.01, max_iter=100000)",0,0.7331749048766687,0.5790821215460983
294_satellite_image,"Lasso(alpha=0.05, max_iter=100000)",0,0.7304019797382779,0.6059592677052101
294_satellite_image,"Lasso(alpha=0.1, max_iter=100000)",0,0.7228216308132289,0.62565589249643
294_satellite_image,DecisionTreeRegressor(max_depth=1),0,0.5281235471108887,0.4706119201498406
294_satellite_image,DecisionTreeRegressor(max_depth=2),0,0.68059175146852,0.5362082608094654
294_satellite_image,DecisionTreeRegressor(max_depth=4),0,0.9524925139512728,0.6336306081589959
294_satellite_image,DecisionTreeRegressor(max_depth=6),0,0.9969313387034906,0.6158825844516879
294_satellite_image,RandomForestRegressor(n_estimators=400),0,0.9525181039029536,0.796862237906967
294_satellite_image,RandomForestRegressor(n_estimators=200),0,0.9506021624472574,0.7918995996828898
294_satellite_image,RandomForestRegressor(),0,0.955547046413502,0.8001650444880999
294_satellite_image,RandomForestRegressor(n_estimators=50),0,0.9513274261603376,0.7882620738902991
294_satellite_image,GradientBoostingRegressor(n_estimators=400),0,0.9999999019352313,0.7756851462437923
294_satellite_image,GradientBoostingRegressor(n_estimators=200),0,0.999949906781646,0.7794763462891352
294_satellite_image,GradientBoostingRegressor(),0,0.9983415059466814,0.7802125151129292
294_satellite_image,GradientBoostingRegressor(n_estimators=50),0,0.989768385841532,0.7809617820826563
344_mv,LinearRegression(),0,0.827254481202989,0.7931432491050596
344_mv,"Lasso(alpha=0.01, max_iter=100000)",0,0.8272128555021255,0.7944442055366049
344_mv,"Lasso(alpha=0.05, max_iter=100000)",0,0.8267969031500761,0.7980872201660666
344_mv,"Lasso(alpha=0.1, max_iter=100000)",0,0.8260535395440285,0.8008224978403999
344_mv,DecisionTreeRegressor(max_depth=1),0,0.405347893384882,0.4095312637659373
344_mv,DecisionTreeRegressor(max_depth=2),0,0.8465916913220606,0.8044020122783777
344_mv,DecisionTreeRegressor(max_depth=4),0,0.9750073225051932,0.8743260909409829
344_mv,DecisionTreeRegressor(max_depth=6),0,0.9980250064996344,0.8778011445327916
344_mv,RandomForestRegressor(n_estimators=400),0,0.9922652036548648,0.9688150785109196
344_mv,RandomForestRegressor(n_estimators=200),0,0.9924324518341752,0.969006470529466
344_mv,RandomForestRegressor(),0,0.99239036001629,0.9648786279931734
344_mv,RandomForestRegressor(n_estimators=50),0,0.9937122256240978,0.9710478739364308
344_mv,GradientBoostingRegressor(n_estimators=400),0,0.999999894877476,0.9803347511817913
344_mv,GradientBoostingRegressor(n_estimators=200),0,0.9999859642195308,0.9803896716299898
344_mv,GradientBoostingRegressor(),0,0.9998203065087602,0.9811077742075848
344_mv,GradientBoostingRegressor(n_estimators=50),0,0.998773790308621,0.9783132161074012
4544_GeographicalOriginalofMusic,LinearRegression(),0,0.9768443349916566,-0.2511251443111899
4544_GeographicalOriginalofMusic,"Lasso(alpha=0.01, max_iter=100000)",0,0.9338739047550992,0.7203986758160326
4544_GeographicalOriginalofMusic,"Lasso(alpha=0.05, max_iter=100000)",0,0.8387096369640527,0.6993326594782734
4544_GeographicalOriginalofMusic,"Lasso(alpha=0.1, max_iter=100000)",0,0.7664058272095566,0.6610727456240844
4544_GeographicalOriginalofMusic,DecisionTreeRegressor(max_depth=1),0,0.5119117537766394,0.2816839601108338
4544_GeographicalOriginalofMusic,DecisionTreeRegressor(max_depth=2),0,0.717546965878332,0.2364497265178863
4544_GeographicalOriginalofMusic,DecisionTreeRegressor(max_depth=4),0,0.888072667476228,0.2571730047356586
4544_GeographicalOriginalofMusic,DecisionTreeRegressor(max_depth=6),0,0.9824606759444012,0.2393469986440327
4544_GeographicalOriginalofMusic,RandomForestRegressor(n_estimators=400),0,0.9491245783633484,0.5598957539391318
4544_GeographicalOriginalofMusic,RandomForestRegressor(n_estimators=200),0,0.9471596229868736,0.551619698487098
4544_GeographicalOriginalofMusic,RandomForestRegressor(),0,0.9472645526019068,0.545234645269169
4544_GeographicalOriginalofMusic,RandomForestRegressor(n_estimators=50),0,0.9429884610657164,0.5387168843930732
4544_GeographicalOriginalofMusic,GradientBoostingRegressor(n_estimators=400),0,0.999999999232878,0.5931838865301176
4544_GeographicalOriginalofMusic,GradientBoostingRegressor(n_estimators=200),0,0.99999533744513,0.595240180471188
4544_GeographicalOriginalofMusic,GradientBoostingRegressor(),0,0.9996255623829516,0.593416113774158
4544_GeographicalOriginalofMusic,GradientBoostingRegressor(n_estimators=50),0,0.9940809477772604,0.5901718422821207
503_wind,LinearRegression(),0,0.8111104086468972,0.7011751391524803
503_wind,"Lasso(alpha=0.01, max_iter=100000)",0,0.8111011073636675,0.7015015085412153
503_wind,"Lasso(alpha=0.05, max_iter=100000)",0,0.8109223985640568,0.7027563223869673
503_wind,"Lasso(alpha=0.1, max_iter=100000)",0,0.810367494200527,0.7037099443161428
503_wind,DecisionTreeRegressor(max_depth=1),0,0.5731975494491055,0.3393727188220409
503_wind,DecisionTreeRegressor(max_depth=2),0,0.7751768930633514,0.481361598754278
503_wind,DecisionTreeRegressor(max_depth=4),0,0.9246598602892412,0.461057674970913
503_wind,DecisionTreeRegressor(max_depth=6),0,0.9906257373060778,0.4110895930608935
503_wind,RandomForestRegressor(n_estimators=400),0,0.962705163217044,0.6323254640052881
503_wind,RandomForestRegressor(n_estimators=200),0,0.9599471077687478,0.6300443608318093
503_wind,RandomForestRegressor(),0,0.9637615001090746,0.6320067472943351
503_wind,RandomForestRegressor(n_estimators=50),0,0.9611283779407168,0.6206469436202771
503_wind,GradientBoostingRegressor(n_estimators=400),0,0.9999999713703892,0.615535268632458
503_wind,GradientBoostingRegressor(n_estimators=200),0,0.999939167846234,0.6165398837163438
503_wind,GradientBoostingRegressor(),0,0.9972964066742244,0.6199701269875959
503_wind,GradientBoostingRegressor(n_estimators=50),0,0.9816248958386836,0.6322143200640962
529_pollen,LinearRegression(),0,0.7398516023084769,0.7886303019371796
529_pollen,"Lasso(alpha=0.01, max_iter=100000)",0,0.7398475604649715,0.7885319714696198
529_pollen,"Lasso(alpha=0.05, max_iter=100000)",0,0.7397513738089201,0.7880578412554605
529_pollen,"Lasso(alpha=0.1, max_iter=100000)",0,0.7394532541513372,0.7872845209627666
529_pollen,DecisionTreeRegressor(max_depth=1),0,0.2581668343268096,0.1423739281890197
529_pollen,DecisionTreeRegressor(max_depth=2),0,0.4229332935917936,0.1898159993697926
529_pollen,DecisionTreeRegressor(max_depth=4),0,0.6657971554216819,0.1931985763239999
529_pollen,DecisionTreeRegressor(max_depth=6),0,0.8245751188022867,0.1105628262137905
529_pollen,RandomForestRegressor(n_estimators=400),0,0.9221543692378492,0.5362242582823367
529_pollen,RandomForestRegressor(n_estimators=200),0,0.9192163319376794,0.539436382968693
529_pollen,RandomForestRegressor(),0,0.9249807711794972,0.5371376702773625
529_pollen,RandomForestRegressor(n_estimators=50),0,0.9218360483484656,0.5231286230947703
529_pollen,GradientBoostingRegressor(n_estimators=400),0,0.9998954914820832,0.5486237062606444
529_pollen,GradientBoostingRegressor(n_estimators=200),0,0.9967566826786124,0.5537023806789614
529_pollen,GradientBoostingRegressor(),0,0.9757344745013484,0.5640129030070776
529_pollen,GradientBoostingRegressor(n_estimators=50),0,0.9236147977347392,0.5612548731831246
537_houses,LinearRegression(),0,0.7901181174593963,0.5727176651026556
537_houses,"Lasso(alpha=0.01, max_iter=100000)",0,0.7901181174593285,0.5727176319554592
537_houses,"Lasso(alpha=0.05, max_iter=100000)",0,0.7901181174576931,0.5727174993646176
537_houses,"Lasso(alpha=0.1, max_iter=100000)",0,0.7901181174525843,0.5727173336214367
537_houses,DecisionTreeRegressor(max_depth=1),0,0.4945887605478741,0.2969558672076632
537_houses,DecisionTreeRegressor(max_depth=2),0,0.6706952697726147,0.3831096103870596
537_houses,DecisionTreeRegressor(max_depth=4),0,0.880374130642581,0.3474947745749214
537_houses,DecisionTreeRegressor(max_depth=6),0,0.9648712051535352,0.272445200368909
537_houses,RandomForestRegressor(n_estimators=400),0,0.954799883674998,0.5238968858460193
537_houses,RandomForestRegressor(n_estimators=200),0,0.9535186457156082,0.5158368993039377
537_houses,RandomForestRegressor(),0,0.949976262998348,0.5127742661057818
537_houses,RandomForestRegressor(n_estimators=50),0,0.9493145380938566,0.520702082276981
537_houses,GradientBoostingRegressor(n_estimators=400),0,0.9999962335064556,0.5113615457166183
537_houses,GradientBoostingRegressor(n_estimators=200),0,0.9995210432025784,0.5140853530566701
537_houses,GradientBoostingRegressor(),0,0.9938608820120476,0.5101410022714199
537_houses,GradientBoostingRegressor(n_estimators=50),0,0.9748749210662764,0.508644116642027
562_cpu_small,LinearRegression(),0,0.7963183775233151,0.217705536135519
562_cpu_small,"Lasso(alpha=0.01, max_iter=100000)",0,0.7963179634811877,0.2196492494847408
562_cpu_small,"Lasso(alpha=0.05, max_iter=100000)",0,0.7963080264479592,0.227199908377445
562_cpu_small,"Lasso(alpha=0.1, max_iter=100000)",0,0.7962769745110637,0.2361328806571644
562_cpu_small,DecisionTreeRegressor(max_depth=1),0,0.8271108665008581,0.7703874450842917
562_cpu_small,DecisionTreeRegressor(max_depth=2),0,0.9200604404068272,0.8601431744050392
562_cpu_small,DecisionTreeRegressor(max_depth=4),0,0.9823250585738584,0.9257749592775693
562_cpu_small,DecisionTreeRegressor(max_depth=6),0,0.9961195810686192,0.9101133781072712
562_cpu_small,RandomForestRegressor(n_estimators=400),0,0.994001384118602,0.9491900729220072
562_cpu_small,RandomForestRegressor(n_estimators=200),0,0.9929945290130208,0.9470855015230764
562_cpu_small,RandomForestRegressor(),0,0.992291162680526,0.9468292026632884
562_cpu_small,RandomForestRegressor(n_estimators=50),0,0.9944137830136758,0.9492208607702264
562_cpu_small,GradientBoostingRegressor(n_estimators=400),0,0.99999993155421,0.9450962461928436
562_cpu_small,GradientBoostingRegressor(n_estimators=200),0,0.9999793059551664,0.9461524285641436
562_cpu_small,GradientBoostingRegressor(),0,0.9995595239601056,0.9463335997680286
562_cpu_small,GradientBoostingRegressor(n_estimators=50),0,0.9971624226760248,0.9438848448674398
564_fried,LinearRegression(),0,0.6929061633263789,0.6981788782928589
564_fried,"Lasso(alpha=0.01, max_iter=100000)",0,0.6923601798722159,0.7027113255062662
564_fried,"Lasso(alpha=0.05, max_iter=100000)",0,0.6816129885738518,0.7098775501222185
564_fried,"Lasso(alpha=0.1, max_iter=100000)",0,0.6509901285965369,0.6975598560657668
564_fried,DecisionTreeRegressor(max_depth=1),0,0.3375845894218955,0.2337014532545102
564_fried,DecisionTreeRegressor(max_depth=2),0,0.5275641964315375,0.3651330723694679
564_fried,DecisionTreeRegressor(max_depth=4),0,0.8443344471825571,0.3094483999560705
564_fried,DecisionTreeRegressor(max_depth=6),0,0.9768947319258666,0.3639770516793089
564_fried,RandomForestRegressor(n_estimators=400),0,0.949195466468829,0.6433575007166601
564_fried,RandomForestRegressor(n_estimators=200),0,0.953946645995073,0.655878087401214
564_fried,RandomForestRegressor(),0,0.9490315948743612,0.6527015278561024
564_fried,RandomForestRegressor(n_estimators=50),0,0.9473179211970124,0.647116747388657
564_fried,GradientBoostingRegressor(n_estimators=400),0,0.9999999008751148,0.7392477672690273
564_fried,GradientBoostingRegressor(n_estimators=200),0,0.9999422096870334,0.7382164890100343
564_fried,GradientBoostingRegressor(),0,0.9987038006528606,0.7335828738695402
564_fried,GradientBoostingRegressor(n_estimators=50),0,0.9885589299300832,0.7123151367596612
573_cpu_act,LinearRegression(),0,0.8370299156117306,-0.5275414023248486
573_cpu_act,"Lasso(alpha=0.01, max_iter=100000)",0,0.8370263079517906,-0.5073339723036077
573_cpu_act,"Lasso(alpha=0.05, max_iter=100000)",0,0.8369397241621344,-0.4292570829785911
573_cpu_act,"Lasso(alpha=0.1, max_iter=100000)",0,0.8366691489960003,-0.3378545053203601
573_cpu_act,DecisionTreeRegressor(max_depth=1),0,0.8271108665008581,0.7703874450842917
573_cpu_act,DecisionTreeRegressor(max_depth=2),0,0.9256954022565128,0.8709593590873675
573_cpu_act,DecisionTreeRegressor(max_depth=4),0,0.9841497305291668,0.93561353175921
573_cpu_act,DecisionTreeRegressor(max_depth=6),0,0.9973095287985316,0.9312962000395416
573_cpu_act,RandomForestRegressor(n_estimators=400),0,0.99387348107483,0.9534997062265368
573_cpu_act,RandomForestRegressor(n_estimators=200),0,0.9941135858547154,0.9541548233813372
573_cpu_act,RandomForestRegressor(),0,0.994457194212026,0.9535126557553992
573_cpu_act,RandomForestRegressor(n_estimators=50),0,0.9943015905085028,0.9535007775501568
573_cpu_act,GradientBoostingRegressor(n_estimators=400),0,0.9999999771464072,0.9482817709235362
573_cpu_act,GradientBoostingRegressor(n_estimators=200),0,0.9999859334677168,0.947764526392323
573_cpu_act,GradientBoostingRegressor(),0,0.9996636857805644,0.9482550321067684
573_cpu_act,GradientBoostingRegressor(n_estimators=50),0,0.9981321542743624,0.9461348569180952
574_house_16H,LinearRegression(),0,0.4405202638221223,-0.2712389772476549
574_house_16H,"Lasso(alpha=0.01, max_iter=100000)",0,0.4405202609681918,-0.2711759626261518
574_house_16H,"Lasso(alpha=0.05, max_iter=100000)",0,0.4405201924740201,-0.2709240257518854
574_house_16H,"Lasso(alpha=0.1, max_iter=100000)",0,0.4405199784296305,-0.2706093783799397
574_house_16H,DecisionTreeRegressor(max_depth=1),0,0.2698379969201459,-0.230463795490657
574_house_16H,DecisionTreeRegressor(max_depth=2),0,0.7681146834807501,-0.3913045313037124
574_house_16H,DecisionTreeRegressor(max_depth=4),0,0.917452627354505,-0.4569850864722227
574_house_16H,DecisionTreeRegressor(max_depth=6),0,0.9789631091242657,-1.140252413479503
574_house_16H,RandomForestRegressor(n_estimators=400),0,0.854176447008091,-0.0126142058810494
574_house_16H,RandomForestRegressor(n_estimators=200),0,0.8677298115581085,-0.0240884404503169
574_house_16H,RandomForestRegressor(),0,0.8993352989504271,-0.0391293173607818
574_house_16H,RandomForestRegressor(n_estimators=50),0,0.8194961881169901,-0.0366480175125745
574_house_16H,GradientBoostingRegressor(n_estimators=400),0,0.99999994084977,0.0648119596412741
574_house_16H,GradientBoostingRegressor(n_estimators=200),0,0.9999715202639632,-0.0563886304291652
574_house_16H,GradientBoostingRegressor(),0,0.9989414237210336,-0.0596049926036357
574_house_16H,GradientBoostingRegressor(n_estimators=50),0,0.99102762245232,-0.0680087819512682
583_fri_c1_1000_50,LinearRegression(),0,0.6956483913579616,-0.5641818625425497
583_fri_c1_1000_50,"Lasso(alpha=0.01, max_iter=100000)",0,0.6819755831773282,-0.3039933550875835
583_fri_c1_1000_50,"Lasso(alpha=0.05, max_iter=100000)",0,0.543270529522764,0.0989639330430037
583_fri_c1_1000_50,"Lasso(alpha=0.1, max_iter=100000)",0,0.3395628677494379,0.1623304398223786
583_fri_c1_1000_50,DecisionTreeRegressor(max_depth=1),0,0.2210034996309047,0.2820555549946261
583_fri_c1_1000_50,DecisionTreeRegressor(max_depth=2),0,0.5907784696608752,0.3232889720865524
583_fri_c1_1000_50,DecisionTreeRegressor(max_depth=4),0,0.9167895499521804,0.1704861267513958
583_fri_c1_1000_50,DecisionTreeRegressor(max_depth=6),0,0.9940690674768364,0.1524162761081797
583_fri_c1_1000_50,RandomForestRegressor(n_estimators=400),0,0.9341137992040156,0.507936349838376
583_fri_c1_1000_50,RandomForestRegressor(n_estimators=200),0,0.9241809868860142,0.4695872020510255
583_fri_c1_1000_50,RandomForestRegressor(),0,0.9215157428584266,0.4712567514277067
583_fri_c1_1000_50,RandomForestRegressor(n_estimators=50),0,0.9323218562298804,0.508658710942993
583_fri_c1_1000_50,GradientBoostingRegressor(n_estimators=400),0,0.9999999984744468,0.5939841087569117
583_fri_c1_1000_50,GradientBoostingRegressor(n_estimators=200),0,0.9999943421050396,0.5817244750021557
583_fri_c1_1000_50,GradientBoostingRegressor(),0,0.9994647364527856,0.5996768456473368
583_fri_c1_1000_50,GradientBoostingRegressor(n_estimators=50),0,0.9931478647341592,0.5967660480496895
586_fri_c3_1000_25,LinearRegression(),0,0.6259110478901961,0.0641389659197885
586_fri_c3_1000_25,"Lasso(alpha=0.01, max_iter=100000)",0,0.6154133725951482,0.1281876439282027
586_fri_c3_1000_25,"Lasso(alpha=0.05, max_iter=100000)",0,0.546058943970865,0.1642347834576173
586_fri_c3_1000_25,"Lasso(alpha=0.1, max_iter=100000)",0,0.4857383701920713,0.2006386146825477
586_fri_c3_1000_25,DecisionTreeRegressor(max_depth=1),0,0.294744487629931,0.0997046566868431
586_fri_c3_1000_25,DecisionTreeRegressor(max_depth=2),0,0.6053548971856595,0.2449868509648471
586_fri_c3_1000_25,DecisionTreeRegressor(max_depth=4),0,0.8918422535594306,0.3532779056005047
586_fri_c3_1000_25,DecisionTreeRegressor(max_depth=6),0,0.9818847744144914,0.3078805816974639
586_fri_c3_1000_25,RandomForestRegressor(n_estimators=400),0,0.947843119449025,0.5870600587104604
586_fri_c3_1000_25,RandomForestRegressor(n_estimators=200),0,0.9496664572385964,0.5739064549083617
586_fri_c3_1000_25,RandomForestRegressor(),0,0.949444280110782,0.5946784992964667
586_fri_c3_1000_25,RandomForestRegressor(n_estimators=50),0,0.93473194952791,0.5800830745949164
586_fri_c3_1000_25,GradientBoostingRegressor(n_estimators=400),0,0.9999998826579451,0.6321419065417127
586_fri_c3_1000_25,GradientBoostingRegressor(n_estimators=200),0,0.999956166204972,0.6329284860628015
586_fri_c3_1000_25,GradientBoostingRegressor(),0,0.9988502387854484,0.6403569655357291
586_fri_c3_1000_25,GradientBoostingRegressor(n_estimators=50),0,0.9910926073007712,0.6282275430102437
588_fri_c4_1000_100,LinearRegression(),0,1.0,-321.5586035046816
588_fri_c4_1000_100,"Lasso(alpha=0.01, max_iter=100000)",0,0.9276791835767056,-0.6185046291436544
588_fri_c4_1000_100,"Lasso(alpha=0.05, max_iter=100000)",0,0.7222130721627036,0.0408344089217298
588_fri_c4_1000_100,"Lasso(alpha=0.1, max_iter=100000)",0,0.5337927783547254,0.1570611123165306
588_fri_c4_1000_100,DecisionTreeRegressor(max_depth=1),0,0.276506698255954,0.1659221327865122
588_fri_c4_1000_100,DecisionTreeRegressor(max_depth=2),0,0.5873880744664025,0.3910754247711202
588_fri_c4_1000_100,DecisionTreeRegressor(max_depth=4),0,0.8963831287537536,0.3203884090653546
588_fri_c4_1000_100,DecisionTreeRegressor(max_depth=6),0,0.9849618707225344,0.2642229779752191
588_fri_c4_1000_100,RandomForestRegressor(n_estimators=400),0,0.9541859234078144,0.6571790431297079
588_fri_c4_1000_100,RandomForestRegressor(n_estimators=200),0,0.949745693350722,0.6264738286271019
588_fri_c4_1000_100,RandomForestRegressor(),0,0.9538718415968576,0.6339117549686899
588_fri_c4_1000_100,RandomForestRegressor(n_estimators=50),0,0.9541914755316036,0.6268629940977599
588_fri_c4_1000_100,GradientBoostingRegressor(n_estimators=400),0,0.9999999999767756,0.6620795125466217
588_fri_c4_1000_100,GradientBoostingRegressor(n_estimators=200),0,0.9999995391521362,0.6628828556791055
588_fri_c4_1000_100,GradientBoostingRegressor(),0,0.9998285107576022,0.6560122332072092
588_fri_c4_1000_100,GradientBoostingRegressor(n_estimators=50),0,0.9941377785652392,0.6627862487284002
589_fri_c2_1000_25,LinearRegression(),0,0.6153529876767663,0.0211075283903099
589_fri_c2_1000_25,"Lasso(alpha=0.01, max_iter=100000)",0,0.6106394302577837,0.0823765470491524
589_fri_c2_1000_25,"Lasso(alpha=0.05, max_iter=100000)",0,0.5446194395429134,0.1900538446351789
589_fri_c2_1000_25,"Lasso(alpha=0.1, max_iter=100000)",0,0.4571751512646154,0.2333733987722639
589_fri_c2_1000_25,DecisionTreeRegressor(max_depth=1),0,0.4795406370362781,0.3262053017350677
589_fri_c2_1000_25,DecisionTreeRegressor(max_depth=2),0,0.6850116101023418,0.4714524204800752
589_fri_c2_1000_25,DecisionTreeRegressor(max_depth=4),0,0.8997768990248148,0.332013128438564
589_fri_c2_1000_25,DecisionTreeRegressor(max_depth=6),0,0.9861929389926964,0.2831694770943197
589_fri_c2_1000_25,RandomForestRegressor(n_estimators=400),0,0.9581807251890266,0.7090738172430218
589_fri_c2_1000_25,RandomForestRegressor(n_estimators=200),0,0.959535787374378,0.7107993654837348
589_fri_c2_1000_25,RandomForestRegressor(),0,0.9568076287725654,0.7091016578815834
589_fri_c2_1000_25,RandomForestRegressor(n_estimators=50),0,0.9499202051738244,0.7041292355155466
589_fri_c2_1000_25,GradientBoostingRegressor(n_estimators=400),0,0.9999999702399468,0.770893989634328
589_fri_c2_1000_25,GradientBoostingRegressor(n_estimators=200),0,0.9999822848327964,0.7700946700013284
589_fri_c2_1000_25,GradientBoostingRegressor(),0,0.9993315134496248,0.7704221444365775
589_fri_c2_1000_25,GradientBoostingRegressor(n_estimators=50),0,0.9941338077505832,0.7624236350246323
590_fri_c0_1000_50,LinearRegression(),0,0.8989727804122493,0.4900188052880848
590_fri_c0_1000_50,"Lasso(alpha=0.01, max_iter=100000)",0,0.8926298885031902,0.5915984471314027
590_fri_c0_1000_50,"Lasso(alpha=0.05, max_iter=100000)",0,0.8505473286800156,0.6613996725781823
590_fri_c0_1000_50,"Lasso(alpha=0.1, max_iter=100000)",0,0.7919871124916784,0.664331592476566
590_fri_c0_1000_50,DecisionTreeRegressor(max_depth=1),0,0.3566907779675632,0.1011668425994273
590_fri_c0_1000_50,DecisionTreeRegressor(max_depth=2),0,0.6272352828273223,0.3062518500690209
590_fri_c0_1000_50,DecisionTreeRegressor(max_depth=4),0,0.9096363906018292,0.3028254115656474
590_fri_c0_1000_50,DecisionTreeRegressor(max_depth=6),0,0.9817756716561676,0.282679060451274
590_fri_c0_1000_50,RandomForestRegressor(n_estimators=400),0,0.9602383230484384,0.6329750226514217
590_fri_c0_1000_50,RandomForestRegressor(n_estimators=200),0,0.959700112351595,0.6343148452886014
590_fri_c0_1000_50,RandomForestRegressor(),0,0.9602807766342772,0.6344609668756129
590_fri_c0_1000_50,RandomForestRegressor(n_estimators=50),0,0.9536366633924276,0.6099216474132341
590_fri_c0_1000_50,GradientBoostingRegressor(n_estimators=400),0,0.999999999483642,0.7123937185846606
590_fri_c0_1000_50,GradientBoostingRegressor(n_estimators=200),0,0.9999979902743704,0.708612327131568
590_fri_c0_1000_50,GradientBoostingRegressor(),0,0.9998739184954027,0.7126988449456815
590_fri_c0_1000_50,GradientBoostingRegressor(n_estimators=50),0,0.995295028800032,0.6986762817146868
592_fri_c4_1000_25,LinearRegression(),0,0.6213816967269381,-0.1199811171568403
592_fri_c4_1000_25,"Lasso(alpha=0.01, max_iter=100000)",0,0.6143102732482577,-0.0627914611370166
592_fri_c4_1000_25,"Lasso(alpha=0.05, max_iter=100000)",0,0.5023133496002625,0.003233201015657
592_fri_c4_1000_25,"Lasso(alpha=0.1, max_iter=100000)",0,0.3914105141739962,0.0462163530355093
592_fri_c4_1000_25,DecisionTreeRegressor(max_depth=1),0,0.2925472601193413,0.0868295513555891
592_fri_c4_1000_25,DecisionTreeRegressor(max_depth=2),0,0.5125846165389567,0.3852688243597925
592_fri_c4_1000_25,DecisionTreeRegressor(max_depth=4),0,0.85843625529699,0.3645706127183692
592_fri_c4_1000_25,DecisionTreeRegressor(max_depth=6),0,0.9732814056684266,0.4084586401330292
592_fri_c4_1000_25,RandomForestRegressor(n_estimators=400),0,0.9376471150090826,0.5219057530776003
592_fri_c4_1000_25,RandomForestRegressor(n_estimators=200),0,0.9400486687510212,0.5256166240632638
592_fri_c4_1000_25,RandomForestRegressor(),0,0.9390615176609618,0.565308356252734
592_fri_c4_1000_25,RandomForestRegressor(n_estimators=50),0,0.9385427451393494,0.5232917448765804
592_fri_c4_1000_25,GradientBoostingRegressor(n_estimators=400),0,0.999999954028839,0.6058051245177498
592_fri_c4_1000_25,GradientBoostingRegressor(n_estimators=200),0,0.9999736229874056,0.609959149305203
592_fri_c4_1000_25,GradientBoostingRegressor(),0,0.9992302147502816,0.6111955438649779
592_fri_c4_1000_25,GradientBoostingRegressor(n_estimators=50),0,0.9892574543964056,0.5858377319862597
593_fri_c1_1000_10,LinearRegression(),0,0.3391735538180984,0.2342803652200953
593_fri_c1_1000_10,"Lasso(alpha=0.01, max_iter=100000)",0,0.3381367865426553,0.2422988461069947
593_fri_c1_1000_10,"Lasso(alpha=0.05, max_iter=100000)",0,0.3221911356117616,0.2513509621387995
593_fri_c1_1000_10,"Lasso(alpha=0.1, max_iter=100000)",0,0.2846151905444122,0.2395784732546967
593_fri_c1_1000_10,DecisionTreeRegressor(max_depth=1),0,0.3511525117776173,0.2428571478213377
593_fri_c1_1000_10,DecisionTreeRegressor(max_depth=2),0,0.6216406139823738,0.3587383675363151
593_fri_c1_1000_10,DecisionTreeRegressor(max_depth=4),0,0.8927125908689792,0.4119607953371292
593_fri_c1_1000_10,DecisionTreeRegressor(max_depth=6),0,0.9778103500738524,0.4079119472700325
593_fri_c1_1000_10,RandomForestRegressor(n_estimators=400),0,0.965213119742644,0.6811743784635254
593_fri_c1_1000_10,RandomForestRegressor(n_estimators=200),0,0.9652782046511944,0.6827331375512431
593_fri_c1_1000_10,RandomForestRegressor(),0,0.9629567132277026,0.6740708356418071
593_fri_c1_1000_10,RandomForestRegressor(n_estimators=50),0,0.956162092643291,0.6746296439185338
593_fri_c1_1000_10,GradientBoostingRegressor(n_estimators=400),0,0.9999998445069568,0.7364204629556073
593_fri_c1_1000_10,GradientBoostingRegressor(n_estimators=200),0,0.9999708540822732,0.7330269455983571
593_fri_c1_1000_10,GradientBoostingRegressor(),0,0.9991553310829392,0.7299789779713857
593_fri_c1_1000_10,GradientBoostingRegressor(n_estimators=50),0,0.9910610191420498,0.716994827400427
595_fri_c0_1000_10,LinearRegression(),0,0.6791403451587781,0.7007275812561682
595_fri_c0_1000_10,"Lasso(alpha=0.01, max_iter=100000)",0,0.6776623654613023,0.7007075464384354
595_fri_c0_1000_10,"Lasso(alpha=0.05, max_iter=100000)",0,0.6569447065426608,0.6770629066564283
595_fri_c0_1000_10,"Lasso(alpha=0.1, max_iter=100000)",0,0.619593653868481,0.6164860957219775
595_fri_c0_1000_10,DecisionTreeRegressor(max_depth=1),0,0.4041543876976042,0.1839843192083177
595_fri_c0_1000_10,DecisionTreeRegressor(max_depth=2),0,0.6059975787408136,0.3527983178076089
595_fri_c0_1000_10,DecisionTreeRegressor(max_depth=4),0,0.847380310608066,0.3577236558127851
595_fri_c0_1000_10,DecisionTreeRegressor(max_depth=6),0,0.9602639501843117,0.314514579619925
595_fri_c0_1000_10,RandomForestRegressor(n_estimators=400),0,0.9531530583463323,0.5967870198885226
595_fri_c0_1000_10,RandomForestRegressor(n_estimators=200),0,0.9524966066397426,0.5997243418586112
595_fri_c0_1000_10,RandomForestRegressor(),0,0.9491270571859504,0.6003815994883714
595_fri_c0_1000_10,RandomForestRegressor(n_estimators=50),0,0.9499593502923084,0.5950091671875223
595_fri_c0_1000_10,GradientBoostingRegressor(n_estimators=400),0,0.999999684301644,0.6965824311342446
595_fri_c0_1000_10,GradientBoostingRegressor(n_estimators=200),0,0.999869183482642,0.6967441850648213
595_fri_c0_1000_10,GradientBoostingRegressor(),0,0.9968878767342108,0.6987100840857347
595_fri_c0_1000_10,GradientBoostingRegressor(n_estimators=50),0,0.9812971864118762,0.683834729592249
598_fri_c0_1000_25,LinearRegression(),0,0.8091239502660524,0.570393640077544
598_fri_c0_1000_25,"Lasso(alpha=0.01, max_iter=100000)",0,0.8064010910595352,0.6028178136577642
598_fri_c0_1000_25,"Lasso(alpha=0.05, max_iter=100000)",0,0.7589770581058872,0.6597225731068009
598_fri_c0_1000_25,"Lasso(alpha=0.1, max_iter=100000)",0,0.6789319553217417,0.6561295923857157
598_fri_c0_1000_25,DecisionTreeRegressor(max_depth=1),0,0.3340891011639022,0.2368450018113699
598_fri_c0_1000_25,DecisionTreeRegressor(max_depth=2),0,0.559855317672292,0.2157619115617691
598_fri_c0_1000_25,DecisionTreeRegressor(max_depth=4),0,0.8794082332247641,0.2567784852276004
598_fri_c0_1000_25,DecisionTreeRegressor(max_depth=6),0,0.9809547643126414,0.1375772134338165
598_fri_c0_1000_25,RandomForestRegressor(n_estimators=400),0,0.9421306112328114,0.5942144339480752
598_fri_c0_1000_25,RandomForestRegressor(n_estimators=200),0,0.9389448664475484,0.5886207392189791
598_fri_c0_1000_25,RandomForestRegressor(),0,0.9413538452274666,0.586593112964906
598_fri_c0_1000_25,RandomForestRegressor(n_estimators=50),0,0.9302609733752234,0.5578720364415297
598_fri_c0_1000_25,GradientBoostingRegressor(n_estimators=400),0,0.9999999937442314,0.6992493629344991
598_fri_c0_1000_25,GradientBoostingRegressor(n_estimators=200),0,0.9999906850349074,0.7016657162461236
598_fri_c0_1000_25,GradientBoostingRegressor(),0,0.9995290614501362,0.7013308017585709
598_fri_c0_1000_25,GradientBoostingRegressor(n_estimators=50),0,0.9924714179121004,0.6831355714299816
599_fri_c2_1000_5,LinearRegression(),0,0.2726433122112988,0.2862854324096617
599_fri_c2_1000_5,"Lasso(alpha=0.01, max_iter=100000)",0,0.269899029755421,0.2947897076693642
599_fri_c2_1000_5,"Lasso(alpha=0.05, max_iter=100000)",0,0.2521047164474517,0.2828971888393357
599_fri_c2_1000_5,"Lasso(alpha=0.1, max_iter=100000)",0,0.2267123312511286,0.2505565474718904
599_fri_c2_1000_5,DecisionTreeRegressor(max_depth=1),0,0.3906470417612151,0.3265327320665613
599_fri_c2_1000_5,DecisionTreeRegressor(max_depth=2),0,0.6321731497322911,0.4438574562869056
599_fri_c2_1000_5,DecisionTreeRegressor(max_depth=4),0,0.8997954399825816,0.7123014953744893
599_fri_c2_1000_5,DecisionTreeRegressor(max_depth=6),0,0.980147160255092,0.6948750670520929
599_fri_c2_1000_5,RandomForestRegressor(n_estimators=400),0,0.9734331181847964,0.8453485866851498
599_fri_c2_1000_5,RandomForestRegressor(n_estimators=200),0,0.9738464109729206,0.8450980239823607
599_fri_c2_1000_5,RandomForestRegressor(),0,0.9730957283679744,0.8397171117358088
599_fri_c2_1000_5,RandomForestRegressor(n_estimators=50),0,0.9703660278672206,0.8395395480386475
599_fri_c2_1000_5,GradientBoostingRegressor(n_estimators=400),0,0.9999969809900148,0.8594544241510778
599_fri_c2_1000_5,GradientBoostingRegressor(n_estimators=200),0,0.9997664359227998,0.8582556054941658
599_fri_c2_1000_5,GradientBoostingRegressor(),0,0.997711855131203,0.8565441143477147
599_fri_c2_1000_5,GradientBoostingRegressor(n_estimators=50),0,0.9905729271313818,0.846856114503804
606_fri_c2_1000_10,LinearRegression(),0,0.3722370076772809,0.2423485340047083
606_fri_c2_1000_10,"Lasso(alpha=0.01, max_iter=100000)",0,0.3712173662820581,0.2429185530094106
606_fri_c2_1000_10,"Lasso(alpha=0.05, max_iter=100000)",0,0.3539983043976515,0.2408902732932821
606_fri_c2_1000_10,"Lasso(alpha=0.1, max_iter=100000)",0,0.319600720010483,0.2102906853810524
606_fri_c2_1000_10,DecisionTreeRegressor(max_depth=1),0,0.5036753958945601,0.3533597516443699
606_fri_c2_1000_10,DecisionTreeRegressor(max_depth=2),0,0.6452403533663175,0.4723253649130375
606_fri_c2_1000_10,DecisionTreeRegressor(max_depth=4),0,0.9085741179170892,0.6098513106773302
606_fri_c2_1000_10,DecisionTreeRegressor(max_depth=6),0,0.9840452189767585,0.5397883628718547
606_fri_c2_1000_10,RandomForestRegressor(n_estimators=400),0,0.9633597998642356,0.7042589794231675
606_fri_c2_1000_10,RandomForestRegressor(n_estimators=200),0,0.9608985668341274,0.7005155042004363
606_fri_c2_1000_10,RandomForestRegressor(),0,0.9580987174011188,0.6903637225051631
606_fri_c2_1000_10,RandomForestRegressor(n_estimators=50),0,0.963033728420874,0.70362015868426
606_fri_c2_1000_10,GradientBoostingRegressor(n_estimators=400),0,0.9999996616293564,0.7462483408628631
606_fri_c2_1000_10,GradientBoostingRegressor(n_estimators=200),0,0.9999415580870098,0.7463913858611693
606_fri_c2_1000_10,GradientBoostingRegressor(),0,0.9990003500376746,0.7461360107417438
606_fri_c2_1000_10,GradientBoostingRegressor(n_estimators=50),0,0.9922399825254172,0.738433051244519
607_fri_c4_1000_50,LinearRegression(),0,0.5529618242287474,-0.494849033145686
607_fri_c4_1000_50,"Lasso(alpha=0.01, max_iter=100000)",0,0.5194167097422993,-0.142168774518292
607_fri_c4_1000_50,"Lasso(alpha=0.05, max_iter=100000)",0,0.3394951820410318,0.1249689913903274
607_fri_c4_1000_50,"Lasso(alpha=0.1, max_iter=100000)",0,0.2118444063742806,0.1432321212358801
607_fri_c4_1000_50,DecisionTreeRegressor(max_depth=1),0,0.3427772849130189,0.1514656025385261
607_fri_c4_1000_50,DecisionTreeRegressor(max_depth=2),0,0.6159923062284531,0.4018295231226285
607_fri_c4_1000_50,DecisionTreeRegressor(max_depth=4),0,0.915768522708258,0.3330304758946228
607_fri_c4_1000_50,DecisionTreeRegressor(max_depth=6),0,0.9885492093990604,0.2812283691515166
607_fri_c4_1000_50,RandomForestRegressor(n_estimators=400),0,0.932403418062628,0.5777543739864585
607_fri_c4_1000_50,RandomForestRegressor(n_estimators=200),0,0.9320928609679604,0.5752866854559795
607_fri_c4_1000_50,RandomForestRegressor(),0,0.9211029370785936,0.5477518004579998
607_fri_c4_1000_50,RandomForestRegressor(n_estimators=50),0,0.9368230250769712,0.5586997788411373
607_fri_c4_1000_50,GradientBoostingRegressor(n_estimators=400),0,0.9999999970351564,0.6288784578235578
607_fri_c4_1000_50,GradientBoostingRegressor(n_estimators=200),0,0.9999924104190204,0.6280866362103295
607_fri_c4_1000_50,GradientBoostingRegressor(),0,0.9994607606137578,0.6280275464747364
607_fri_c4_1000_50,GradientBoostingRegressor(n_estimators=50),0,0.992617312786003,0.6230424529248257
608_fri_c3_1000_10,LinearRegression(),0,0.3473758253927571,0.2216019032616535
608_fri_c3_1000_10,"Lasso(alpha=0.01, max_iter=100000)",0,0.3413133377227725,0.2149893133722288
608_fri_c3_1000_10,"Lasso(alpha=0.05, max_iter=100000)",0,0.3148011311291674,0.209118769929424
608_fri_c3_1000_10,"Lasso(alpha=0.1, max_iter=100000)",0,0.2695698033006409,0.1888202002404611
608_fri_c3_1000_10,DecisionTreeRegressor(max_depth=1),0,0.2672508703944452,0.028775196570836
608_fri_c3_1000_10,DecisionTreeRegressor(max_depth=2),0,0.5512410763353965,0.2376572088321404
608_fri_c3_1000_10,DecisionTreeRegressor(max_depth=4),0,0.8416481966070573,0.4458066229274934
608_fri_c3_1000_10,DecisionTreeRegressor(max_depth=6),0,0.9587888804767106,0.5068683961209366
608_fri_c3_1000_10,RandomForestRegressor(n_estimators=400),0,0.9567520591861164,0.7345707122815308
608_fri_c3_1000_10,RandomForestRegressor(n_estimators=200),0,0.9573975851290462,0.722247803629878
608_fri_c3_1000_10,RandomForestRegressor(),0,0.9479201049105876,0.7270478892075802
608_fri_c3_1000_10,RandomForestRegressor(n_estimators=50),0,0.9458664403467832,0.7255106078284879
608_fri_c3_1000_10,GradientBoostingRegressor(n_estimators=400),0,0.9999996991886358,0.7722547581243238
608_fri_c3_1000_10,GradientBoostingRegressor(n_estimators=200),0,0.9999189646295612,0.7787747653031893
608_fri_c3_1000_10,GradientBoostingRegressor(),0,0.9984502030668294,0.77539567626428
608_fri_c3_1000_10,GradientBoostingRegressor(n_estimators=50),0,0.9874740429669704,0.7649660771816833
609_fri_c0_1000_5,LinearRegression(),0,0.727954732531731,0.7150630658525313
609_fri_c0_1000_5,"Lasso(alpha=0.01, max_iter=100000)",0,0.7274053516074662,0.7188736387015022
609_fri_c0_1000_5,"Lasso(alpha=0.05, max_iter=100000)",0,0.7142202646408364,0.7210305939505341
609_fri_c0_1000_5,"Lasso(alpha=0.1, max_iter=100000)",0,0.6783874164323274,0.696377215174369
609_fri_c0_1000_5,DecisionTreeRegressor(max_depth=1),0,0.2570681754725067,0.23289041800537
609_fri_c0_1000_5,DecisionTreeRegressor(max_depth=2),0,0.482900225493833,0.3098736097921298
609_fri_c0_1000_5,DecisionTreeRegressor(max_depth=4),0,0.808564334828719,0.473494912325639
609_fri_c0_1000_5,DecisionTreeRegressor(max_depth=6),0,0.9424542190688876,0.4499370374251091
609_fri_c0_1000_5,RandomForestRegressor(n_estimators=400),0,0.958950793240231,0.7759029542994318
609_fri_c0_1000_5,RandomForestRegressor(n_estimators=200),0,0.9579783777826476,0.7743903449780078
609_fri_c0_1000_5,RandomForestRegressor(),0,0.9614107912148544,0.7772931368690985
609_fri_c0_1000_5,RandomForestRegressor(n_estimators=50),0,0.9551039495197766,0.778992755734246
609_fri_c0_1000_5,GradientBoostingRegressor(n_estimators=400),0,0.9999954891690994,0.8217574968180628
609_fri_c0_1000_5,GradientBoostingRegressor(n_estimators=200),0,0.9996977865362038,0.822188752319309
609_fri_c0_1000_5,GradientBoostingRegressor(),0,0.996982028393678,0.8211874502533576
609_fri_c0_1000_5,GradientBoostingRegressor(n_estimators=50),0,0.9832420467001816,0.8054052095540621
612_fri_c1_1000_5,LinearRegression(),0,0.2655414002141876,0.2216707029954786
612_fri_c1_1000_5,"Lasso(alpha=0.01, max_iter=100000)",0,0.2644121081536807,0.2252721629054972
612_fri_c1_1000_5,"Lasso(alpha=0.05, max_iter=100000)",0,0.2561003325854761,0.2246725422589116
612_fri_c1_1000_5,"Lasso(alpha=0.1, max_iter=100000)",0,0.2304623824455764,0.2068503030425088
612_fri_c1_1000_5,DecisionTreeRegressor(max_depth=1),0,0.3537691604918285,0.2462954389157926
612_fri_c1_1000_5,DecisionTreeRegressor(max_depth=2),0,0.6277114979835154,0.4038892491532857
612_fri_c1_1000_5,DecisionTreeRegressor(max_depth=4),0,0.8851467045030936,0.5030535009483457
612_fri_c1_1000_5,DecisionTreeRegressor(max_depth=6),0,0.984755302790739,0.3728488201535573
612_fri_c1_1000_5,RandomForestRegressor(n_estimators=400),0,0.9676422767447715,0.7478626525986456
612_fri_c1_1000_5,RandomForestRegressor(n_estimators=200),0,0.9676641301119938,0.7475271415942701
612_fri_c1_1000_5,RandomForestRegressor(),0,0.9683974019972608,0.7436170764427451
612_fri_c1_1000_5,RandomForestRegressor(n_estimators=50),0,0.9671336369216847,0.7257563186268634
612_fri_c1_1000_5,GradientBoostingRegressor(n_estimators=400),0,0.9999947330273882,0.8112022841312285
612_fri_c1_1000_5,GradientBoostingRegressor(n_estimators=200),0,0.999741998327124,0.8113814145840175
612_fri_c1_1000_5,GradientBoostingRegressor(),0,0.9978174388793096,0.812418661925279
612_fri_c1_1000_5,GradientBoostingRegressor(n_estimators=50),0,0.987204748048684,0.7837670500776706
618_fri_c3_1000_50,LinearRegression(),0,0.6503068549290922,-0.3698738796977625
618_fri_c3_1000_50,"Lasso(alpha=0.01, max_iter=100000)",0,0.6268073688965773,-0.0733603113289491
618_fri_c3_1000_50,"Lasso(alpha=0.05, max_iter=100000)",0,0.4686569761140402,0.1803059316711094
618_fri_c3_1000_50,"Lasso(alpha=0.1, max_iter=100000)",0,0.3511544617900437,0.1793847278164752
618_fri_c3_1000_50,DecisionTreeRegressor(max_depth=1),0,0.2724405738880731,0.1243475062160534
618_fri_c3_1000_50,DecisionTreeRegressor(max_depth=2),0,0.5864510065404804,0.1427470805197773
618_fri_c3_1000_50,DecisionTreeRegressor(max_depth=4),0,0.8513819257535638,-0.0074799273627776
618_fri_c3_1000_50,DecisionTreeRegressor(max_depth=6),0,0.9763741967288174,0.1127057184353699
618_fri_c3_1000_50,RandomForestRegressor(n_estimators=400),0,0.9450007027388888,0.5865652191600313
618_fri_c3_1000_50,RandomForestRegressor(n_estimators=200),0,0.9458794006891968,0.5988901297321988
618_fri_c3_1000_50,RandomForestRegressor(),0,0.9408606165371,0.5857589843066309
618_fri_c3_1000_50,RandomForestRegressor(n_estimators=50),0,0.932668567009276,0.5581505974963819
618_fri_c3_1000_50,GradientBoostingRegressor(n_estimators=400),0,0.9999999963657236,0.6521406960854329
618_fri_c3_1000_50,GradientBoostingRegressor(n_estimators=200),0,0.9999951279207716,0.6528640130453829
618_fri_c3_1000_50,GradientBoostingRegressor(),0,0.9996589953207894,0.6494919869927301
618_fri_c3_1000_50,GradientBoostingRegressor(n_estimators=50),0,0.9922595606815936,0.6472742516689092
620_fri_c1_1000_25,LinearRegression(),0,0.4633376496321113,-0.0114596029205533
620_fri_c1_1000_25,"Lasso(alpha=0.01, max_iter=100000)",0,0.4366861650481975,0.0934523359633451
620_fri_c1_1000_25,"Lasso(alpha=0.05, max_iter=100000)",0,0.3681933829698086,0.1547849109705735
620_fri_c1_1000_25,"Lasso(alpha=0.1, max_iter=100000)",0,0.281025818083774,0.1526856104394601
620_fri_c1_1000_25,DecisionTreeRegressor(max_depth=1),0,0.2214305729320472,-0.0083730605957936
620_fri_c1_1000_25,DecisionTreeRegressor(max_depth=2),0,0.4414141559927489,0.1669004873434347
620_fri_c1_1000_25,DecisionTreeRegressor(max_depth=4),0,0.8497353921910561,0.405319251934948
620_fri_c1_1000_25,DecisionTreeRegressor(max_depth=6),0,0.9758434580965788,0.4428211895001382
620_fri_c1_1000_25,RandomForestRegressor(n_estimators=400),0,0.9432868357674092,0.6116271586240074
620_fri_c1_1000_25,RandomForestRegressor(n_estimators=200),0,0.9431532809898078,0.6203714045592762
620_fri_c1_1000_25,RandomForestRegressor(),0,0.9390996163433956,0.6061866789845374
620_fri_c1_1000_25,RandomForestRegressor(n_estimators=50),0,0.9395290709976072,0.633386313325996
620_fri_c1_1000_25,GradientBoostingRegressor(n_estimators=400),0,0.999999972758559,0.7116280559821124
620_fri_c1_1000_25,GradientBoostingRegressor(n_estimators=200),0,0.9999801749413944,0.7138254260469573
620_fri_c1_1000_25,GradientBoostingRegressor(),0,0.999056415523346,0.7106742497928632
620_fri_c1_1000_25,GradientBoostingRegressor(n_estimators=50),0,0.9903897794123422,0.7015596565488744
622_fri_c2_1000_50,LinearRegression(),0,0.5593220947323085,-0.5738872037741933
622_fri_c2_1000_50,"Lasso(alpha=0.01, max_iter=100000)",0,0.5439923279453818,-0.2809514023468793
622_fri_c2_1000_50,"Lasso(alpha=0.05, max_iter=100000)",0,0.4141673128664852,0.1311831971089788
622_fri_c2_1000_50,"Lasso(alpha=0.1, max_iter=100000)",0,0.270246234224019,0.2016053556801713
622_fri_c2_1000_50,DecisionTreeRegressor(max_depth=1),0,0.2418279319552273,0.3568048847580839
622_fri_c2_1000_50,DecisionTreeRegressor(max_depth=2),0,0.5842079357146653,0.4126815328552012
622_fri_c2_1000_50,DecisionTreeRegressor(max_depth=4),0,0.8782225808323866,0.3380789333990862
622_fri_c2_1000_50,DecisionTreeRegressor(max_depth=6),0,0.9854544216437976,0.22498118625538
622_fri_c2_1000_50,RandomForestRegressor(n_estimators=400),0,0.9370005927724676,0.5907518616044748
622_fri_c2_1000_50,RandomForestRegressor(n_estimators=200),0,0.934752373839922,0.5860038433201882
622_fri_c2_1000_50,RandomForestRegressor(),0,0.9362812119581982,0.6036183461418274
622_fri_c2_1000_50,RandomForestRegressor(n_estimators=50),0,0.929292859474408,0.5829839727696244
622_fri_c2_1000_50,GradientBoostingRegressor(n_estimators=400),0,0.999999998124802,0.7324766056313032
622_fri_c2_1000_50,GradientBoostingRegressor(n_estimators=200),0,0.999996172935858,0.7208917656460045
622_fri_c2_1000_50,GradientBoostingRegressor(),0,0.999702052919658,0.7037960489437083
622_fri_c2_1000_50,GradientBoostingRegressor(n_estimators=50),0,0.993505851292453,0.7157916691269524
623_fri_c4_1000_10,LinearRegression(),0,0.3692764811436436,0.2060374044986017
623_fri_c4_1000_10,"Lasso(alpha=0.01, max_iter=100000)",0,0.3627776369979482,0.2351269058945019
623_fri_c4_1000_10,"Lasso(alpha=0.05, max_iter=100000)",0,0.2898421939280799,0.2428153332179101
623_fri_c4_1000_10,"Lasso(alpha=0.1, max_iter=100000)",0,0.241190521401185,0.2104480761857362
623_fri_c4_1000_10,DecisionTreeRegressor(max_depth=1),0,0.188795868236602,0.1425446833961974
623_fri_c4_1000_10,DecisionTreeRegressor(max_depth=2),0,0.413979272017693,0.3203044049510193
623_fri_c4_1000_10,DecisionTreeRegressor(max_depth=4),0,0.878908017361848,0.4353574998019345
623_fri_c4_1000_10,DecisionTreeRegressor(max_depth=6),0,0.9764886357201976,0.6159314201496051
623_fri_c4_1000_10,RandomForestRegressor(n_estimators=400),0,0.9513659124985252,0.7779115720973422
623_fri_c4_1000_10,RandomForestRegressor(n_estimators=200),0,0.9555765237245945,0.7908580572008089
623_fri_c4_1000_10,RandomForestRegressor(),0,0.945456198197583,0.7716625108759668
623_fri_c4_1000_10,RandomForestRegressor(n_estimators=50),0,0.9474789610432236,0.7793536410876335
623_fri_c4_1000_10,GradientBoostingRegressor(n_estimators=400),0,0.9999998734924388,0.7838704945494801
623_fri_c4_1000_10,GradientBoostingRegressor(n_estimators=200),0,0.9999272922846328,0.7856702706252681
623_fri_c4_1000_10,GradientBoostingRegressor(),0,0.9976267925131336,0.7745680941544357
623_fri_c4_1000_10,GradientBoostingRegressor(n_estimators=50),0,0.9852046942151936,0.7548108446835589
628_fri_c3_1000_5,LinearRegression(),0,0.2773894263482007,0.1937016275123949
628_fri_c3_1000_5,"Lasso(alpha=0.01, max_iter=100000)",0,0.2713628280173988,0.2119231607308601
628_fri_c3_1000_5,"Lasso(alpha=0.05, max_iter=100000)",0,0.1931341725376016,0.1974755262526035
628_fri_c3_1000_5,"Lasso(alpha=0.1, max_iter=100000)",0,0.1591775841831374,0.1850858381808925
628_fri_c3_1000_5,DecisionTreeRegressor(max_depth=1),0,0.2018728094365242,0.1259004760303811
628_fri_c3_1000_5,DecisionTreeRegressor(max_depth=2),0,0.4327816115606101,0.3261008210424819
628_fri_c3_1000_5,DecisionTreeRegressor(max_depth=4),0,0.8964177727654602,0.5194972729390399
628_fri_c3_1000_5,DecisionTreeRegressor(max_depth=6),0,0.9719565386859232,0.5583116713157719
628_fri_c3_1000_5,RandomForestRegressor(n_estimators=400),0,0.9720782215963344,0.8011760117604005
628_fri_c3_1000_5,RandomForestRegressor(n_estimators=200),0,0.97257313360461,0.8014138025969622
628_fri_c3_1000_5,RandomForestRegressor(),0,0.9690275005665796,0.7939274031940107
628_fri_c3_1000_5,RandomForestRegressor(n_estimators=50),0,0.9725123571062324,0.7936805722623186
628_fri_c3_1000_5,GradientBoostingRegressor(n_estimators=400),0,0.9999946672537522,0.8287280656285599
628_fri_c3_1000_5,GradientBoostingRegressor(n_estimators=200),0,0.9996249430860732,0.8277606142199037
628_fri_c3_1000_5,GradientBoostingRegressor(),0,0.996298381436893,0.8134386800219137
628_fri_c3_1000_5,GradientBoostingRegressor(n_estimators=50),0,0.9847927722620048,0.8021920991226724
banana,LinearRegression(),0,0.0156814957207319,-0.0086826485754278
banana,"Lasso(alpha=0.01, max_iter=100000)",0,0.0155063410102135,-0.0079303954374807
banana,"Lasso(alpha=0.05, max_iter=100000)",0,0.0121346092090218,-0.0069503277707787
banana,"Lasso(alpha=0.1, max_iter=100000)",0,0.0041609047149978,-0.0080979285683668
banana,DecisionTreeRegressor(max_depth=1),0,0.0740740740740744,0.0048664196963986
banana,DecisionTreeRegressor(max_depth=2),0,0.2661150767899634,0.1067027468735736
banana,DecisionTreeRegressor(max_depth=4),0,0.7133361204013379,0.3865730219500266
banana,DecisionTreeRegressor(max_depth=6),0,0.8868055555555555,0.3945123005206075
banana,RandomForestRegressor(n_estimators=400),0,0.9139486979166668,0.5158250507002373
banana,RandomForestRegressor(n_estimators=200),0,0.911903125,0.4998947312409122
banana,RandomForestRegressor(),0,0.9184,0.4869357386450601
banana,RandomForestRegressor(n_estimators=50),0,0.9173166666666668,0.4594381600596923
banana,GradientBoostingRegressor(n_estimators=400),0,0.9999646505110262,0.1987717015205606
banana,GradientBoostingRegressor(n_estimators=200),0,0.9981477360375084,0.236520284208629
banana,GradientBoostingRegressor(),0,0.9722886556147022,0.3259972424173222
banana,GradientBoostingRegressor(n_estimators=50),0,0.903686974587356,0.4122286716432826
titanic,LinearRegression(),0,0.1397357779832553,0.1993664543111319
titanic,"Lasso(alpha=0.01, max_iter=100000)",0,0.1392950165004326,0.1995102626031932
titanic,"Lasso(alpha=0.05, max_iter=100000)",0,0.1317337223812795,0.189003536938546
titanic,"Lasso(alpha=0.1, max_iter=100000)",0,0.1230887356789663,0.1712811566549645
titanic,DecisionTreeRegressor(max_depth=1),0,0.1346153846153848,0.2003981380735493
titanic,DecisionTreeRegressor(max_depth=2),0,0.1736102725113715,0.2491511352284073
titanic,DecisionTreeRegressor(max_depth=4),0,0.244245040673612,0.2650878662201675
titanic,DecisionTreeRegressor(max_depth=6),0,0.2483659197944911,0.2664297196634095
titanic,RandomForestRegressor(n_estimators=400),0,0.241067988920433,0.2755783310530244
titanic,RandomForestRegressor(n_estimators=200),0,0.2401717738010444,0.2730096621902931
titanic,RandomForestRegressor(),0,0.2389340627282152,0.2680684347174868
titanic,RandomForestRegressor(n_estimators=50),0,0.2377448101323163,0.2695550145671832
titanic,GradientBoostingRegressor(n_estimators=400),0,0.2483659197944731,0.2658876243377567
titanic,GradientBoostingRegressor(n_estimators=200),0,0.2483659082368433,0.2659042349186744
titanic,GradientBoostingRegressor(),0,0.2483622384376298,0.2660297529149497
titanic,GradientBoostingRegressor(n_estimators=50),0,0.2480994794438739,0.2669185904551789
1028_SWD,QG-11-bic,0,0.4809951348113997,0.3212393009391755
1029_LEV,QG-11-bic,0,0.690260497834118,0.5368931516201276
1030_ERA,QG-11-bic,0,0.2137114739745816,0.3165108705637897
1191_BNG_pbc,QG-11-bic,0,0.5240824564553828,-0.1433558446479024
1193_BNG_lowbwt,QG-11-bic,0,0.6501301843256359,0.4878466994868973
1196_BNG_pharynx,QG-11-bic,0,0.6458133405298123,0.2825736675569467
1199_BNG_echoMonths,QG-11-bic,0,0.5835734205349786,0.3460950831271852
1201_BNG_breastTumor,QG-11-bic,0,0.2083111016263236,-0.083167613455622
1203_BNG_pwLinear,QG-11-bic,0,0.4928192304063333,0.4520569336111197
1595_poker,QG-11-bic,0,0.4913337336458766,-0.3642130544570279
197_cpu_act,QG-11-bic,0,0.9870914897189322,0.9677217607228792
201_pol,QG-11-bic,0,0.7676971016231677,0.6677294353749909
215_2dplanes,QG-11-bic,0,0.8823256860201788,0.8215345420465939
218_house_8L,QG-11-bic,0,0.8014497196741973,-0.1888468605930719
225_puma8NH,QG-11-bic,0,0.6806372167867916,0.570856867798982
227_cpu_small,QG-11-bic,0,0.9788369973137084,0.9589690089993772
294_satellite_image,QG-11-bic,0,0.8581553315629156,0.7454709315216024
344_mv,QG-11-bic,0,0.9983661888474714,0.9979353699531026
4544_GeographicalOriginalofMusic,QG-11-bic,0,0.8501917445689415,0.6876752505156227
503_wind,QG-11-bic,0,0.8087875844257483,0.6549584942707163
529_pollen,QG-11-bic,0,0.7378203769372357,0.7845001981336438
537_houses,QG-11-bic,0,0.8013119376386748,0.5022920625508984
562_cpu_small,QG-11-bic,0,0.9788369973137084,0.9589690089993772
564_fried,QG-11-bic,0,0.8929561358744329,0.8694954567651878
573_cpu_act,QG-11-bic,0,0.9870914897189322,0.9677217607228792
574_house_16H,QG-11-bic,0,0.8460752020987776,-0.4728760964310212
583_fri_c1_1000_50,QG-11-bic,0,0.920745209602035,0.8812235178121204
586_fri_c3_1000_25,QG-11-bic,0,0.8998696591065245,0.8260893277815022
588_fri_c4_1000_100,QG-11-bic,0,0.8878642771106475,0.8023229903065763
589_fri_c2_1000_25,QG-11-bic,0,0.8814806158404227,0.8640812282527355
590_fri_c0_1000_50,QG-11-bic,0,0.8829831421176594,0.8069767535074788
592_fri_c4_1000_25,QG-11-bic,0,0.8712470855873518,0.8519223251898583
593_fri_c1_1000_10,QG-11-bic,0,0.9063898833031928,0.8676141234270757
595_fri_c0_1000_10,QG-11-bic,0,0.8779021866901867,0.8126945538112507
598_fri_c0_1000_25,QG-11-bic,0,0.8816329402316819,0.8682195263543298
599_fri_c2_1000_5,QG-11-bic,0,0.9496759552453052,0.8950572265532796
606_fri_c2_1000_10,QG-11-bic,0,0.8952137244508508,0.8877166943050363
607_fri_c4_1000_50,QG-11-bic,0,0.8282791666711702,0.791735708995729
608_fri_c3_1000_10,QG-11-bic,0,0.9097529362392264,0.7798957633296125
609_fri_c0_1000_5,QG-11-bic,0,0.9204873334849144,0.8955860109063895
612_fri_c1_1000_5,QG-11-bic,0,0.9330459495728588,0.8200086844299412
618_fri_c3_1000_50,QG-11-bic,0,0.8841160476904245,0.8419561479155941
620_fri_c1_1000_25,QG-11-bic,0,0.8714425651987794,0.8651252511212262
622_fri_c2_1000_50,QG-11-bic,0,0.8942390392682694,0.8597598648087724
623_fri_c4_1000_10,QG-11-bic,0,0.8676115471806124,0.8228503674285962
628_fri_c3_1000_5,QG-11-bic,0,0.9320210105869317,0.9072093865602264
banana,QG-11-bic,0,0.636240137274324,0.5097645722649713
titanic,QG-11-bic,0,0.1346152115172137,0.2004861723670503
1028_SWD,QG-11-aic,0,0.5175020588300729,0.1736385119926323
1029_LEV,QG-11-aic,0,0.7028694416776623,0.5325504192759012
1030_ERA,QG-11-aic,0,0.3512186768516486,0.1593335322980497
1191_BNG_pbc,QG-11-aic,0,0.5225900282958328,-0.125109441776406
1193_BNG_lowbwt,QG-11-aic,0,0.7117582165691625,0.4033610444384531
1196_BNG_pharynx,QG-11-aic,0,0.6985151898819848,0.3070529964896542
1199_BNG_echoMonths,QG-11-aic,0,0.6101205524339147,0.2218444800341703
1201_BNG_breastTumor,QG-11-aic,0,0.3077166634742677,-0.4249910409330346
1203_BNG_pwLinear,QG-11-aic,0,0.6070414248064342,0.519409869794587
1595_poker,QG-11-aic,0,0.565431474088419,-0.698270009493607
197_cpu_act,QG-11-aic,0,0.987951701789969,0.9708779220466422
201_pol,QG-11-aic,0,0.8163860505340277,0.7561019129467748
215_2dplanes,QG-11-aic,0,0.8951154071892929,0.863149798972131
218_house_8L,QG-11-aic,0,0.8065051949413591,-0.4167752730757124
225_puma8NH,QG-11-aic,0,0.7576830572109076,0.6530716013315865
227_cpu_small,QG-11-aic,0,0.9803670781420468,0.9501091357140452
294_satellite_image,QG-11-aic,0,0.8413275029250238,0.7491501720962019
344_mv,QG-11-aic,0,0.9985152692349016,0.9981257691653148
4544_GeographicalOriginalofMusic,QG-11-aic,0,0.8644675915376792,0.6940544470841458
503_wind,QG-11-aic,0,0.8703166118787329,0.4545751109429223
529_pollen,QG-11-aic,0,0.7378203775781305,0.7844891362273566
537_houses,QG-11-aic,0,0.8219521915922615,0.3106396074329229
562_cpu_small,QG-11-aic,0,0.9803670781420468,0.9501091357140452
564_fried,QG-11-aic,0,0.8960482093483473,0.8737549619181959
573_cpu_act,QG-11-aic,0,0.987951701789969,0.9708779220466422
574_house_16H,QG-11-aic,0,0.849898895136159,-1.1087877166277975
583_fri_c1_1000_50,QG-11-aic,0,0.8568144122568481,0.7738434491500216
586_fri_c3_1000_25,QG-11-aic,0,0.9367624172366492,0.8733347299650769
588_fri_c4_1000_100,QG-11-aic,0,0.8997968693832735,0.861023020666609
589_fri_c2_1000_25,QG-11-aic,0,0.8934294229204599,0.8283196652109039
590_fri_c0_1000_50,QG-11-aic,0,0.8843770155273762,0.7252257028853584
592_fri_c4_1000_25,QG-11-aic,0,0.8811465549005139,0.854245364137228
593_fri_c1_1000_10,QG-11-aic,0,0.906721188251392,0.8792078206371327
595_fri_c0_1000_10,QG-11-aic,0,0.8870665599249177,0.8842968064393479
598_fri_c0_1000_25,QG-11-aic,0,0.8916000415930884,0.8474906212495488
599_fri_c2_1000_5,QG-11-aic,0,0.9321736228929756,0.898235017215125
606_fri_c2_1000_10,QG-11-aic,0,0.8934469222926555,0.8744799189889567
607_fri_c4_1000_50,QG-11-aic,0,0.8526021588215175,0.809603388819836
608_fri_c3_1000_10,QG-11-aic,0,0.8963150873320247,0.864289309474739
609_fri_c0_1000_5,QG-11-aic,0,0.919010650102508,0.9240958362837997
612_fri_c1_1000_5,QG-11-aic,0,0.9328880161390384,0.9092828836190184
618_fri_c3_1000_50,QG-11-aic,0,0.8821569187829098,0.7984670414806538
620_fri_c1_1000_25,QG-11-aic,0,0.873539477356759,0.8508564865274958
622_fri_c2_1000_50,QG-11-aic,0,0.862079874967618,0.8336414699505417
623_fri_c4_1000_10,QG-11-aic,0,0.8868015398168057,0.887417474588892
628_fri_c3_1000_5,QG-11-aic,0,0.9318253906117242,0.904375114268978
banana,QG-11-aic,0,0.6546937904830672,0.4920979062635765
titanic,QG-11-aic,0,0.2406655983829025,0.2478591471891896
